<?xml version="1.0" encoding="UTF-8"?>
<!DOCTYPE coverity SYSTEM "coverity_config.dtd">
<coverity>
<!-- THIS FILE IS AUTOMATICALLY GENERATED - YOU MAY ADD XML ENTITIES -->
<!-- TO UPDATE THE COMPILER CONFIGURATION AFTER THE begin_command_line_config CLOSING TAG. -->
    <cit_version>1</cit_version>
    <config>
      <build>
        <compiler>
          <template_compiler>true</template_compiler>
          <comp_name>cov-filesystem-capture-ruby-0</comp_name>
          <comp_translator>ruby</comp_translator>
          <comp_lang>Non Compiled</comp_lang>
          <comp_generic>ruby</comp_generic>
          <file_include_pattern>^.*(\.rb|Gemfile)$</file_include_pattern>
        </compiler>
        <options>
          <id>ruby-cov-filesystem-capture-ruby-0-.*</id>
          <begin_command_line_config></begin_command_line_config>
        </options>
      </build>
    </config>
    <md5>9a95acc499de60467aeb7e3b29315f90</md5>
</coverity>

