[{"filename":"D:/Jessie/6_Polyspace/CoverityTest/S32K312_I2C_Master_MCAL/Project_Settings/Startup_Code/exceptions.c","timestamp":"2024-12-27T14:25:49+08:00"},{"filename":"D:/Jessie/6_Polyspace/CoverityTest/S32K312_I2C_Master_MCAL/Project_Settings/Startup_Code/nvic.c","timestamp":"2024-12-27T14:25:49+08:00"},{"filename":"D:/Jessie/6_Polyspace/CoverityTest/S32K312_I2C_Master_MCAL/Project_Settings/Startup_Code/startup.c","timestamp":"2024-12-27T14:25:49+08:00"},{"filename":"D:/Jessie/6_Polyspace/CoverityTest/S32K312_I2C_Master_MCAL/Project_Settings/Startup_Code/system.c","timestamp":"2024-12-27T14:25:49+08:00"},{"filename":"D:/Jessie/6_Polyspace/CoverityTest/S32K312_I2C_Master_MCAL/RTD/include/Axbs_Ip.h","timestamp":"2024-12-30T14:23:17+08:00"},{"filename":"D:/Jessie/6_Polyspace/CoverityTest/S32K312_I2C_Master_MCAL/RTD/include/Axbs_Ip_Device_Registers.h","timestamp":"2024-12-30T14:23:17+08:00"},{"filename":"D:/Jessie/6_Polyspace/CoverityTest/S32K312_I2C_Master_MCAL/RTD/include/Axbs_Ip_TrustedFunctions.h","timestamp":"2024-12-30T14:23:17+08:00"},{"filename":"D:/Jessie/6_Polyspace/CoverityTest/S32K312_I2C_Master_MCAL/RTD/include/Axbs_Ip_Types.h","timestamp":"2024-12-30T14:23:17+08:00"},{"filename":"D:/Jessie/6_Polyspace/CoverityTest/S32K312_I2C_Master_MCAL/RTD/include/CDD_I2c.h","timestamp":"2024-12-30T13:54:26+08:00"},{"filename":"D:/Jessie/6_Polyspace/CoverityTest/S32K312_I2C_Master_MCAL/RTD/include/CDD_Mcl.h","timestamp":"2024-12-30T13:54:26+08:00"},{"filename":"D:/Jessie/6_Polyspace/CoverityTest/S32K312_I2C_Master_MCAL/RTD/include/CDD_Mcl_Ipw.h","timestamp":"2024-12-30T13:54:26+08:00"},{"filename":"D:/Jessie/6_Polyspace/CoverityTest/S32K312_I2C_Master_MCAL/RTD/include/CDD_Mcl_Irq.h","timestamp":"2024-12-30T13:54:26+08:00"},{"filename":"D:/Jessie/6_Polyspace/CoverityTest/S32K312_I2C_Master_MCAL/RTD/include/CDD_Rm.h","timestamp":"2024-12-30T14:23:17+08:00"},{"filename":"D:/Jessie/6_Polyspace/CoverityTest/S32K312_I2C_Master_MCAL/RTD/include/CDD_Rm_Ipw.h","timestamp":"2024-12-30T14:23:17+08:00"},{"filename":"D:/Jessie/6_Polyspace/CoverityTest/S32K312_I2C_Master_MCAL/RTD/include/CDD_Uart.h","timestamp":"2024-12-31T14:52:30+08:00"},{"filename":"D:/Jessie/6_Polyspace/CoverityTest/S32K312_I2C_Master_MCAL/RTD/include/Cache_Ip.h","timestamp":"2024-12-30T13:54:26+08:00"},{"filename":"D:/Jessie/6_Polyspace/CoverityTest/S32K312_I2C_Master_MCAL/RTD/include/Cache_Ip_Devassert.h","timestamp":"2024-12-30T13:54:26+08:00"},{"filename":"D:/Jessie/6_Polyspace/CoverityTest/S32K312_I2C_Master_MCAL/RTD/include/Cache_Ip_HwAcc_ArmCoreMx.h","timestamp":"2024-12-30T13:54:26+08:00"},{"filename":"D:/Jessie/6_Polyspace/CoverityTest/S32K312_I2C_Master_MCAL/RTD/include/Cache_Ip_TrustedFunctions.h","timestamp":"2024-12-30T13:54:26+08:00"},{"filename":"D:/Jessie/6_Polyspace/CoverityTest/S32K312_I2C_Master_MCAL/RTD/include/Cache_Ip_Types.h","timestamp":"2024-12-30T13:54:26+08:00"},{"filename":"D:/Jessie/6_Polyspace/CoverityTest/S32K312_I2C_Master_MCAL/RTD/include/Clock_Ip.h","timestamp":"2024-12-30T13:54:25+08:00"},{"filename":"D:/Jessie/6_Polyspace/CoverityTest/S32K312_I2C_Master_MCAL/RTD/include/Clock_Ip_Derivative_001.h","timestamp":"2024-12-30T13:54:25+08:00"},{"filename":"D:/Jessie/6_Polyspace/CoverityTest/S32K312_I2C_Master_MCAL/RTD/include/Clock_Ip_Derivative_002.h","timestamp":"2024-12-30T13:54:25+08:00"},{"filename":"D:/Jessie/6_Polyspace/CoverityTest/S32K312_I2C_Master_MCAL/RTD/include/Clock_Ip_Derivative_003.h","timestamp":"2024-12-30T13:54:25+08:00"},{"filename":"D:/Jessie/6_Polyspace/CoverityTest/S32K312_I2C_Master_MCAL/RTD/include/Clock_Ip_Derivative_004.h","timestamp":"2024-12-30T13:54:25+08:00"},{"filename":"D:/Jessie/6_Polyspace/CoverityTest/S32K312_I2C_Master_MCAL/RTD/include/Clock_Ip_Derivative_005.h","timestamp":"2024-12-30T13:54:25+08:00"},{"filename":"D:/Jessie/6_Polyspace/CoverityTest/S32K312_I2C_Master_MCAL/RTD/include/Clock_Ip_Derivative_006.h","timestamp":"2024-12-30T13:54:25+08:00"},{"filename":"D:/Jessie/6_Polyspace/CoverityTest/S32K312_I2C_Master_MCAL/RTD/include/Clock_Ip_Derivative_007.h","timestamp":"2024-12-30T13:54:25+08:00"},{"filename":"D:/Jessie/6_Polyspace/CoverityTest/S32K312_I2C_Master_MCAL/RTD/include/Clock_Ip_Derivative_008.h","timestamp":"2024-12-30T13:54:25+08:00"},{"filename":"D:/Jessie/6_Polyspace/CoverityTest/S32K312_I2C_Master_MCAL/RTD/include/Clock_Ip_Derivative_009.h","timestamp":"2024-12-30T13:54:25+08:00"},{"filename":"D:/Jessie/6_Polyspace/CoverityTest/S32K312_I2C_Master_MCAL/RTD/include/Clock_Ip_Private.h","timestamp":"2024-12-30T13:54:25+08:00"},{"filename":"D:/Jessie/6_Polyspace/CoverityTest/S32K312_I2C_Master_MCAL/RTD/include/Clock_Ip_Specific.h","timestamp":"2024-12-30T13:54:25+08:00"},{"filename":"D:/Jessie/6_Polyspace/CoverityTest/S32K312_I2C_Master_MCAL/RTD/include/Clock_Ip_TrustedFunctions.h","timestamp":"2024-12-30T13:54:25+08:00"},{"filename":"D:/Jessie/6_Polyspace/CoverityTest/S32K312_I2C_Master_MCAL/RTD/include/Clock_Ip_Types.h","timestamp":"2024-12-30T13:54:25+08:00"},{"filename":"D:/Jessie/6_Polyspace/CoverityTest/S32K312_I2C_Master_MCAL/RTD/include/Dem.h","timestamp":"2024-12-30T13:54:26+08:00"},{"filename":"D:/Jessie/6_Polyspace/CoverityTest/S32K312_I2C_Master_MCAL/RTD/include/Dem_Types.h","timestamp":"2024-12-30T13:54:26+08:00"},{"filename":"D:/Jessie/6_Polyspace/CoverityTest/S32K312_I2C_Master_MCAL/RTD/include/Dem_stub.h","timestamp":"2024-12-30T13:54:26+08:00"},{"filename":"D:/Jessie/6_Polyspace/CoverityTest/S32K312_I2C_Master_MCAL/RTD/include/Det.h","timestamp":"2024-12-30T13:54:25+08:00"},{"filename":"D:/Jessie/6_Polyspace/CoverityTest/S32K312_I2C_Master_MCAL/RTD/include/Det_stub.h","timestamp":"2024-12-30T13:54:25+08:00"},{"filename":"D:/Jessie/6_Polyspace/CoverityTest/S32K312_I2C_Master_MCAL/RTD/include/Dio.h","timestamp":"2025-01-08T16:30:07+08:00"},{"filename":"D:/Jessie/6_Polyspace/CoverityTest/S32K312_I2C_Master_MCAL/RTD/include/Dio_Ipw.h","timestamp":"2025-01-08T16:30:07+08:00"},{"filename":"D:/Jessie/6_Polyspace/CoverityTest/S32K312_I2C_Master_MCAL/RTD/include/Dma_Ip.h","timestamp":"2024-12-30T13:54:26+08:00"},{"filename":"D:/Jessie/6_Polyspace/CoverityTest/S32K312_I2C_Master_MCAL/RTD/include/Dma_Ip_Devassert.h","timestamp":"2024-12-30T13:54:26+08:00"},{"filename":"D:/Jessie/6_Polyspace/CoverityTest/S32K312_I2C_Master_MCAL/RTD/include/Dma_Ip_Driver_State.h","timestamp":"2024-12-30T13:54:26+08:00"},{"filename":"D:/Jessie/6_Polyspace/CoverityTest/S32K312_I2C_Master_MCAL/RTD/include/Dma_Ip_Hw_Access.h","timestamp":"2024-12-30T13:54:26+08:00"},{"filename":"D:/Jessie/6_Polyspace/CoverityTest/S32K312_I2C_Master_MCAL/RTD/include/Dma_Ip_Hwv3_AccessInline.h","timestamp":"2024-12-30T13:54:26+08:00"},{"filename":"D:/Jessie/6_Polyspace/CoverityTest/S32K312_I2C_Master_MCAL/RTD/include/Dma_Ip_Irq.h","timestamp":"2024-12-30T13:54:26+08:00"},{"filename":"D:/Jessie/6_Polyspace/CoverityTest/S32K312_I2C_Master_MCAL/RTD/include/Dma_Ip_Multicore.h","timestamp":"2024-12-30T13:54:26+08:00"},{"filename":"D:/Jessie/6_Polyspace/CoverityTest/S32K312_I2C_Master_MCAL/RTD/include/Dma_Ip_TrustedFunctions.h","timestamp":"2024-12-30T13:54:26+08:00"},{"filename":"D:/Jessie/6_Polyspace/CoverityTest/S32K312_I2C_Master_MCAL/RTD/include/Dma_Ip_Types.h","timestamp":"2024-12-30T13:54:26+08:00"},{"filename":"D:/Jessie/6_Polyspace/CoverityTest/S32K312_I2C_Master_MCAL/RTD/include/Dma_Mux_Ip.h","timestamp":"2024-12-30T14:23:17+08:00"},{"filename":"D:/Jessie/6_Polyspace/CoverityTest/S32K312_I2C_Master_MCAL/RTD/include/Dma_Mux_Ip_TrustedFunctions.h","timestamp":"2024-12-30T14:23:17+08:00"},{"filename":"D:/Jessie/6_Polyspace/CoverityTest/S32K312_I2C_Master_MCAL/RTD/include/Dma_Mux_Ip_Types.h","timestamp":"2024-12-30T14:23:17+08:00"},{"filename":"D:/Jessie/6_Polyspace/CoverityTest/S32K312_I2C_Master_MCAL/RTD/include/Emios_Gpt_Ip.h","timestamp":"2024-12-31T16:53:49+08:00"},{"filename":"D:/Jessie/6_Polyspace/CoverityTest/S32K312_I2C_Master_MCAL/RTD/include/Emios_Gpt_Ip_Types.h","timestamp":"2024-12-31T16:53:49+08:00"},{"filename":"D:/Jessie/6_Polyspace/CoverityTest/S32K312_I2C_Master_MCAL/RTD/include/Emios_Mcl_Ip.h","timestamp":"2024-12-30T13:54:26+08:00"},{"filename":"D:/Jessie/6_Polyspace/CoverityTest/S32K312_I2C_Master_MCAL/RTD/include/Emios_Mcl_Ip_Irq.h","timestamp":"2024-12-30T13:54:26+08:00"},{"filename":"D:/Jessie/6_Polyspace/CoverityTest/S32K312_I2C_Master_MCAL/RTD/include/Emios_Mcl_Ip_Types.h","timestamp":"2024-12-30T13:54:26+08:00"},{"filename":"D:/Jessie/6_Polyspace/CoverityTest/S32K312_I2C_Master_MCAL/RTD/include/Flexio_I2c_Ip.h","timestamp":"2024-12-30T13:54:26+08:00"},{"filename":"D:/Jessie/6_Polyspace/CoverityTest/S32K312_I2C_Master_MCAL/RTD/include/Flexio_I2c_Ip_Callbacks.h","timestamp":"2024-12-30T13:54:26+08:00"},{"filename":"D:/Jessie/6_Polyspace/CoverityTest/S32K312_I2C_Master_MCAL/RTD/include/Flexio_I2c_Ip_Features.h","timestamp":"2024-12-30T13:54:26+08:00"},{"filename":"D:/Jessie/6_Polyspace/CoverityTest/S32K312_I2C_Master_MCAL/RTD/include/Flexio_I2c_Ip_HwAccess.h","timestamp":"2024-12-30T13:54:26+08:00"},{"filename":"D:/Jessie/6_Polyspace/CoverityTest/S32K312_I2C_Master_MCAL/RTD/include/Flexio_I2c_Ip_Irq.h","timestamp":"2024-12-30T13:54:26+08:00"},{"filename":"D:/Jessie/6_Polyspace/CoverityTest/S32K312_I2C_Master_MCAL/RTD/include/Flexio_I2c_Ip_Types.h","timestamp":"2024-12-30T13:54:26+08:00"},{"filename":"D:/Jessie/6_Polyspace/CoverityTest/S32K312_I2C_Master_MCAL/RTD/include/Flexio_Mcl_Ip.h","timestamp":"2024-12-30T13:54:26+08:00"},{"filename":"D:/Jessie/6_Polyspace/CoverityTest/S32K312_I2C_Master_MCAL/RTD/include/Flexio_Mcl_Ip_HwAccess.h","timestamp":"2024-12-30T13:54:26+08:00"},{"filename":"D:/Jessie/6_Polyspace/CoverityTest/S32K312_I2C_Master_MCAL/RTD/include/Flexio_Mcl_Ip_Types.h","timestamp":"2024-12-30T13:54:26+08:00"},{"filename":"D:/Jessie/6_Polyspace/CoverityTest/S32K312_I2C_Master_MCAL/RTD/include/Flexio_Uart_Ip.h","timestamp":"2024-12-31T14:52:30+08:00"},{"filename":"D:/Jessie/6_Polyspace/CoverityTest/S32K312_I2C_Master_MCAL/RTD/include/Flexio_Uart_Ip_HwAccess.h","timestamp":"2024-12-31T14:52:30+08:00"},{"filename":"D:/Jessie/6_Polyspace/CoverityTest/S32K312_I2C_Master_MCAL/RTD/include/Flexio_Uart_Ip_Irq.h","timestamp":"2024-12-31T14:52:30+08:00"},{"filename":"D:/Jessie/6_Polyspace/CoverityTest/S32K312_I2C_Master_MCAL/RTD/include/Flexio_Uart_Ip_Types.h","timestamp":"2024-12-31T14:52:30+08:00"},{"filename":"D:/Jessie/6_Polyspace/CoverityTest/S32K312_I2C_Master_MCAL/RTD/include/Gpt.h","timestamp":"2024-12-31T16:53:49+08:00"},{"filename":"D:/Jessie/6_Polyspace/CoverityTest/S32K312_I2C_Master_MCAL/RTD/include/Gpt_EnvCfg.h","timestamp":"2024-12-31T16:53:49+08:00"},{"filename":"D:/Jessie/6_Polyspace/CoverityTest/S32K312_I2C_Master_MCAL/RTD/include/Gpt_Ipw.h","timestamp":"2024-12-31T16:53:49+08:00"},{"filename":"D:/Jessie/6_Polyspace/CoverityTest/S32K312_I2C_Master_MCAL/RTD/include/Gpt_Ipw_Irq.h","timestamp":"2024-12-31T16:53:49+08:00"},{"filename":"D:/Jessie/6_Polyspace/CoverityTest/S32K312_I2C_Master_MCAL/RTD/include/Gpt_Ipw_Types.h","timestamp":"2024-12-31T16:53:49+08:00"},{"filename":"D:/Jessie/6_Polyspace/CoverityTest/S32K312_I2C_Master_MCAL/RTD/include/Gpt_Irq.h","timestamp":"2024-12-31T16:53:49+08:00"},{"filename":"D:/Jessie/6_Polyspace/CoverityTest/S32K312_I2C_Master_MCAL/RTD/include/I2c_Ipw.h","timestamp":"2024-12-30T13:54:26+08:00"},{"filename":"D:/Jessie/6_Polyspace/CoverityTest/S32K312_I2C_Master_MCAL/RTD/include/I2c_Ipw_Types.h","timestamp":"2024-12-30T13:54:26+08:00"},{"filename":"D:/Jessie/6_Polyspace/CoverityTest/S32K312_I2C_Master_MCAL/RTD/include/I2c_Types.h","timestamp":"2024-12-30T13:54:26+08:00"},{"filename":"D:/Jessie/6_Polyspace/CoverityTest/S32K312_I2C_Master_MCAL/RTD/include/Igf_Port_Ip.h","timestamp":"2024-12-30T13:54:25+08:00"},{"filename":"D:/Jessie/6_Polyspace/CoverityTest/S32K312_I2C_Master_MCAL/RTD/include/Igf_Port_Ip_Types.h","timestamp":"2024-12-30T13:54:25+08:00"},{"filename":"D:/Jessie/6_Polyspace/CoverityTest/S32K312_I2C_Master_MCAL/RTD/include/IntCtrl_Ip.h","timestamp":"2024-12-30T13:54:26+08:00"},{"filename":"D:/Jessie/6_Polyspace/CoverityTest/S32K312_I2C_Master_MCAL/RTD/include/IntCtrl_Ip_TrustedFunctions.h","timestamp":"2024-12-30T13:54:26+08:00"},{"filename":"D:/Jessie/6_Polyspace/CoverityTest/S32K312_I2C_Master_MCAL/RTD/include/IntCtrl_Ip_TypesDef.h","timestamp":"2024-12-30T13:54:26+08:00"},{"filename":"D:/Jessie/6_Polyspace/CoverityTest/S32K312_I2C_Master_MCAL/RTD/include/Intm_Ip.h","timestamp":"2024-12-30T13:54:26+08:00"},{"filename":"D:/Jessie/6_Polyspace/CoverityTest/S32K312_I2C_Master_MCAL/RTD/include/Lcu_Ip.h","timestamp":"2024-12-30T13:54:26+08:00"},{"filename":"D:/Jessie/6_Polyspace/CoverityTest/S32K312_I2C_Master_MCAL/RTD/include/Lcu_Ip_Devassert.h","timestamp":"2024-12-30T13:54:26+08:00"},{"filename":"D:/Jessie/6_Polyspace/CoverityTest/S32K312_I2C_Master_MCAL/RTD/include/Lcu_Ip_Hw_Access.h","timestamp":"2024-12-30T13:54:26+08:00"},{"filename":"D:/Jessie/6_Polyspace/CoverityTest/S32K312_I2C_Master_MCAL/RTD/include/Lcu_Ip_Irq.h","timestamp":"2024-12-30T13:54:26+08:00"},{"filename":"D:/Jessie/6_Polyspace/CoverityTest/S32K312_I2C_Master_MCAL/RTD/include/Lcu_Ip_Multicore.h","timestamp":"2024-12-30T13:54:26+08:00"},{"filename":"D:/Jessie/6_Polyspace/CoverityTest/S32K312_I2C_Master_MCAL/RTD/include/Lcu_Ip_Types.h","timestamp":"2024-12-30T13:54:26+08:00"},{"filename":"D:/Jessie/6_Polyspace/CoverityTest/S32K312_I2C_Master_MCAL/RTD/include/Lpi2c_Ip.h","timestamp":"2024-12-30T13:54:26+08:00"},{"filename":"D:/Jessie/6_Polyspace/CoverityTest/S32K312_I2C_Master_MCAL/RTD/include/Lpi2c_Ip_Callbacks.h","timestamp":"2024-12-30T13:54:26+08:00"},{"filename":"D:/Jessie/6_Polyspace/CoverityTest/S32K312_I2C_Master_MCAL/RTD/include/Lpi2c_Ip_Features.h","timestamp":"2024-12-30T13:54:26+08:00"},{"filename":"D:/Jessie/6_Polyspace/CoverityTest/S32K312_I2C_Master_MCAL/RTD/include/Lpi2c_Ip_HwAccess.h","timestamp":"2024-12-30T13:54:26+08:00"},{"filename":"D:/Jessie/6_Polyspace/CoverityTest/S32K312_I2C_Master_MCAL/RTD/include/Lpi2c_Ip_Irq.h","timestamp":"2024-12-30T13:54:26+08:00"},{"filename":"D:/Jessie/6_Polyspace/CoverityTest/S32K312_I2C_Master_MCAL/RTD/include/Lpi2c_Ip_Types.h","timestamp":"2024-12-30T13:54:26+08:00"},{"filename":"D:/Jessie/6_Polyspace/CoverityTest/S32K312_I2C_Master_MCAL/RTD/include/Lpuart_Uart_Ip.h","timestamp":"2024-12-31T14:52:30+08:00"},{"filename":"D:/Jessie/6_Polyspace/CoverityTest/S32K312_I2C_Master_MCAL/RTD/include/Lpuart_Uart_Ip_HwAccess.h","timestamp":"2024-12-31T14:52:30+08:00"},{"filename":"D:/Jessie/6_Polyspace/CoverityTest/S32K312_I2C_Master_MCAL/RTD/include/Lpuart_Uart_Ip_Irq.h","timestamp":"2024-12-31T14:52:30+08:00"},{"filename":"D:/Jessie/6_Polyspace/CoverityTest/S32K312_I2C_Master_MCAL/RTD/include/Lpuart_Uart_Ip_Types.h","timestamp":"2024-12-31T14:52:30+08:00"},{"filename":"D:/Jessie/6_Polyspace/CoverityTest/S32K312_I2C_Master_MCAL/RTD/include/Mcl.h","timestamp":"2024-12-30T13:54:26+08:00"},{"filename":"D:/Jessie/6_Polyspace/CoverityTest/S32K312_I2C_Master_MCAL/RTD/include/Mcl_TrustedFunctions.h","timestamp":"2024-12-30T13:54:26+08:00"},{"filename":"D:/Jessie/6_Polyspace/CoverityTest/S32K312_I2C_Master_MCAL/RTD/include/Mcl_Types.h","timestamp":"2024-12-30T13:54:26+08:00"},{"filename":"D:/Jessie/6_Polyspace/CoverityTest/S32K312_I2C_Master_MCAL/RTD/include/Mcu.h","timestamp":"2024-12-30T13:54:26+08:00"},{"filename":"D:/Jessie/6_Polyspace/CoverityTest/S32K312_I2C_Master_MCAL/RTD/include/Mcu_Dem_Wrapper.h","timestamp":"2024-12-30T13:54:26+08:00"},{"filename":"D:/Jessie/6_Polyspace/CoverityTest/S32K312_I2C_Master_MCAL/RTD/include/Mcu_EnvCfg.h","timestamp":"2024-12-30T13:54:26+08:00"},{"filename":"D:/Jessie/6_Polyspace/CoverityTest/S32K312_I2C_Master_MCAL/RTD/include/Mcu_Ipw.h","timestamp":"2024-12-30T13:54:26+08:00"},{"filename":"D:/Jessie/6_Polyspace/CoverityTest/S32K312_I2C_Master_MCAL/RTD/include/Mcu_Ipw_Types.h","timestamp":"2024-12-30T13:54:26+08:00"},{"filename":"D:/Jessie/6_Polyspace/CoverityTest/S32K312_I2C_Master_MCAL/RTD/include/Mcu_TrustedFunctions.h","timestamp":"2024-12-30T13:54:26+08:00"},{"filename":"D:/Jessie/6_Polyspace/CoverityTest/S32K312_I2C_Master_MCAL/RTD/include/Mpu_M7_Ip.h","timestamp":"2024-12-30T13:54:26+08:00"},{"filename":"D:/Jessie/6_Polyspace/CoverityTest/S32K312_I2C_Master_MCAL/RTD/include/Mpu_M7_Ip_TrustedFunctions.h","timestamp":"2024-12-30T13:54:26+08:00"},{"filename":"D:/Jessie/6_Polyspace/CoverityTest/S32K312_I2C_Master_MCAL/RTD/include/Mpu_M7_Ip_Types.h","timestamp":"2024-12-30T13:54:26+08:00"},{"filename":"D:/Jessie/6_Polyspace/CoverityTest/S32K312_I2C_Master_MCAL/RTD/include/Mscm_Ip.h","timestamp":"2024-12-30T14:23:17+08:00"},{"filename":"D:/Jessie/6_Polyspace/CoverityTest/S32K312_I2C_Master_MCAL/RTD/include/Mscm_Ip_TrustedFunctions.h","timestamp":"2024-12-30T14:23:17+08:00"},{"filename":"D:/Jessie/6_Polyspace/CoverityTest/S32K312_I2C_Master_MCAL/RTD/include/Mscm_Ip_Types.h","timestamp":"2024-12-30T14:23:17+08:00"},{"filename":"D:/Jessie/6_Polyspace/CoverityTest/S32K312_I2C_Master_MCAL/RTD/include/OsIf.h","timestamp":"2024-12-30T13:54:26+08:00"},{"filename":"D:/Jessie/6_Polyspace/CoverityTest/S32K312_I2C_Master_MCAL/RTD/include/OsIf_Cfg_TypesDef.h","timestamp":"2024-12-30T13:54:26+08:00"},{"filename":"D:/Jessie/6_Polyspace/CoverityTest/S32K312_I2C_Master_MCAL/RTD/include/OsIf_DeviceRegisters.h","timestamp":"2024-12-30T13:54:26+08:00"},{"filename":"D:/Jessie/6_Polyspace/CoverityTest/S32K312_I2C_Master_MCAL/RTD/include/OsIf_Internal.h","timestamp":"2024-12-30T13:54:26+08:00"},{"filename":"D:/Jessie/6_Polyspace/CoverityTest/S32K312_I2C_Master_MCAL/RTD/include/OsIf_Interrupts.h","timestamp":"2024-12-30T13:54:26+08:00"},{"filename":"D:/Jessie/6_Polyspace/CoverityTest/S32K312_I2C_Master_MCAL/RTD/include/OsIf_Timer_Custom.h","timestamp":"2024-12-30T13:54:26+08:00"},{"filename":"D:/Jessie/6_Polyspace/CoverityTest/S32K312_I2C_Master_MCAL/RTD/include/OsIf_Timer_System.h","timestamp":"2024-12-30T13:54:26+08:00"},{"filename":"D:/Jessie/6_Polyspace/CoverityTest/S32K312_I2C_Master_MCAL/RTD/include/OsIf_Timer_System_Internal_Systick.h","timestamp":"2024-12-30T13:54:26+08:00"},{"filename":"D:/Jessie/6_Polyspace/CoverityTest/S32K312_I2C_Master_MCAL/RTD/include/Pflash_Ip.h","timestamp":"2024-12-30T14:23:17+08:00"},{"filename":"D:/Jessie/6_Polyspace/CoverityTest/S32K312_I2C_Master_MCAL/RTD/include/Pflash_Ip_Device_Registers.h","timestamp":"2024-12-30T14:23:17+08:00"},{"filename":"D:/Jessie/6_Polyspace/CoverityTest/S32K312_I2C_Master_MCAL/RTD/include/Pflash_Ip_TrustedFunctions.h","timestamp":"2024-12-30T14:23:17+08:00"},{"filename":"D:/Jessie/6_Polyspace/CoverityTest/S32K312_I2C_Master_MCAL/RTD/include/Pflash_Ip_Types.h","timestamp":"2024-12-30T14:23:17+08:00"},{"filename":"D:/Jessie/6_Polyspace/CoverityTest/S32K312_I2C_Master_MCAL/RTD/include/Pit_Ip.h","timestamp":"2024-12-31T16:53:49+08:00"},{"filename":"D:/Jessie/6_Polyspace/CoverityTest/S32K312_I2C_Master_MCAL/RTD/include/Pit_Ip_Types.h","timestamp":"2024-12-31T16:53:49+08:00"},{"filename":"D:/Jessie/6_Polyspace/CoverityTest/S32K312_I2C_Master_MCAL/RTD/include/Platform.h","timestamp":"2024-12-30T13:54:26+08:00"},{"filename":"D:/Jessie/6_Polyspace/CoverityTest/S32K312_I2C_Master_MCAL/RTD/include/Platform_Ipw.h","timestamp":"2024-12-30T13:54:26+08:00"},{"filename":"D:/Jessie/6_Polyspace/CoverityTest/S32K312_I2C_Master_MCAL/RTD/include/Platform_Ipw_TypesDef.h","timestamp":"2024-12-30T13:54:26+08:00"},{"filename":"D:/Jessie/6_Polyspace/CoverityTest/S32K312_I2C_Master_MCAL/RTD/include/Platform_TypesDef.h","timestamp":"2024-12-30T13:54:26+08:00"},{"filename":"D:/Jessie/6_Polyspace/CoverityTest/S32K312_I2C_Master_MCAL/RTD/include/Port.h","timestamp":"2024-12-30T13:54:25+08:00"},{"filename":"D:/Jessie/6_Polyspace/CoverityTest/S32K312_I2C_Master_MCAL/RTD/include/Port_Ipw.h","timestamp":"2024-12-30T13:54:25+08:00"},{"filename":"D:/Jessie/6_Polyspace/CoverityTest/S32K312_I2C_Master_MCAL/RTD/include/Power_Ip.h","timestamp":"2024-12-30T13:54:26+08:00"},{"filename":"D:/Jessie/6_Polyspace/CoverityTest/S32K312_I2C_Master_MCAL/RTD/include/Power_Ip_AEC.h","timestamp":"2024-12-30T13:54:26+08:00"},{"filename":"D:/Jessie/6_Polyspace/CoverityTest/S32K312_I2C_Master_MCAL/RTD/include/Power_Ip_AEC_Types.h","timestamp":"2024-12-30T13:54:26+08:00"},{"filename":"D:/Jessie/6_Polyspace/CoverityTest/S32K312_I2C_Master_MCAL/RTD/include/Power_Ip_CortexM7.h","timestamp":"2024-12-30T13:54:26+08:00"},{"filename":"D:/Jessie/6_Polyspace/CoverityTest/S32K312_I2C_Master_MCAL/RTD/include/Power_Ip_DCM_GPR.h","timestamp":"2024-12-30T13:54:26+08:00"},{"filename":"D:/Jessie/6_Polyspace/CoverityTest/S32K312_I2C_Master_MCAL/RTD/include/Power_Ip_DCM_GPR_Types.h","timestamp":"2024-12-30T13:54:26+08:00"},{"filename":"D:/Jessie/6_Polyspace/CoverityTest/S32K312_I2C_Master_MCAL/RTD/include/Power_Ip_FLASH.h","timestamp":"2024-12-30T13:54:26+08:00"},{"filename":"D:/Jessie/6_Polyspace/CoverityTest/S32K312_I2C_Master_MCAL/RTD/include/Power_Ip_MC_ME.h","timestamp":"2024-12-30T13:54:26+08:00"},{"filename":"D:/Jessie/6_Polyspace/CoverityTest/S32K312_I2C_Master_MCAL/RTD/include/Power_Ip_MC_ME_Types.h","timestamp":"2024-12-30T13:54:26+08:00"},{"filename":"D:/Jessie/6_Polyspace/CoverityTest/S32K312_I2C_Master_MCAL/RTD/include/Power_Ip_MC_RGM.h","timestamp":"2024-12-30T13:54:26+08:00"},{"filename":"D:/Jessie/6_Polyspace/CoverityTest/S32K312_I2C_Master_MCAL/RTD/include/Power_Ip_MC_RGM_Types.h","timestamp":"2024-12-30T13:54:26+08:00"},{"filename":"D:/Jessie/6_Polyspace/CoverityTest/S32K312_I2C_Master_MCAL/RTD/include/Power_Ip_PMC.h","timestamp":"2024-12-30T13:54:26+08:00"},{"filename":"D:/Jessie/6_Polyspace/CoverityTest/S32K312_I2C_Master_MCAL/RTD/include/Power_Ip_PMC_Types.h","timestamp":"2024-12-30T13:54:26+08:00"},{"filename":"D:/Jessie/6_Polyspace/CoverityTest/S32K312_I2C_Master_MCAL/RTD/include/Power_Ip_Private.h","timestamp":"2024-12-30T13:54:26+08:00"},{"filename":"D:/Jessie/6_Polyspace/CoverityTest/S32K312_I2C_Master_MCAL/RTD/include/Power_Ip_Specific.h","timestamp":"2024-12-30T13:54:26+08:00"},{"filename":"D:/Jessie/6_Polyspace/CoverityTest/S32K312_I2C_Master_MCAL/RTD/include/Power_Ip_TrustedFunctions.h","timestamp":"2024-12-30T13:54:26+08:00"},{"filename":"D:/Jessie/6_Polyspace/CoverityTest/S32K312_I2C_Master_MCAL/RTD/include/Power_Ip_Types.h","timestamp":"2024-12-30T13:54:26+08:00"},{"filename":"D:/Jessie/6_Polyspace/CoverityTest/S32K312_I2C_Master_MCAL/RTD/include/Ram_Ip.h","timestamp":"2024-12-30T13:54:26+08:00"},{"filename":"D:/Jessie/6_Polyspace/CoverityTest/S32K312_I2C_Master_MCAL/RTD/include/Ram_Ip_Types.h","timestamp":"2024-12-30T13:54:26+08:00"},{"filename":"D:/Jessie/6_Polyspace/CoverityTest/S32K312_I2C_Master_MCAL/RTD/include/Rtc_Ip.h","timestamp":"2024-12-31T16:53:49+08:00"},{"filename":"D:/Jessie/6_Polyspace/CoverityTest/S32K312_I2C_Master_MCAL/RTD/include/Rtc_Ip_Types.h","timestamp":"2024-12-31T16:53:49+08:00"},{"filename":"D:/Jessie/6_Polyspace/CoverityTest/S32K312_I2C_Master_MCAL/RTD/include/Rte_Dem_Type.h","timestamp":"2024-12-30T13:54:25+08:00"},{"filename":"D:/Jessie/6_Polyspace/CoverityTest/S32K312_I2C_Master_MCAL/RTD/include/SchM_Dio.h","timestamp":"2025-01-08T16:30:07+08:00"},{"filename":"D:/Jessie/6_Polyspace/CoverityTest/S32K312_I2C_Master_MCAL/RTD/include/SchM_Gpt.h","timestamp":"2024-12-31T16:53:49+08:00"},{"filename":"D:/Jessie/6_Polyspace/CoverityTest/S32K312_I2C_Master_MCAL/RTD/include/SchM_I2c.h","timestamp":"2024-12-30T13:54:26+08:00"},{"filename":"D:/Jessie/6_Polyspace/CoverityTest/S32K312_I2C_Master_MCAL/RTD/include/SchM_Mcl.h","timestamp":"2024-12-30T13:54:26+08:00"},{"filename":"D:/Jessie/6_Polyspace/CoverityTest/S32K312_I2C_Master_MCAL/RTD/include/SchM_Mcu.h","timestamp":"2024-12-30T13:54:26+08:00"},{"filename":"D:/Jessie/6_Polyspace/CoverityTest/S32K312_I2C_Master_MCAL/RTD/include/SchM_Port.h","timestamp":"2024-12-30T13:54:26+08:00"},{"filename":"D:/Jessie/6_Polyspace/CoverityTest/S32K312_I2C_Master_MCAL/RTD/include/SchM_Rm.h","timestamp":"2024-12-30T14:23:16+08:00"},{"filename":"D:/Jessie/6_Polyspace/CoverityTest/S32K312_I2C_Master_MCAL/RTD/include/SchM_Uart.h","timestamp":"2024-12-31T14:52:30+08:00"},{"filename":"D:/Jessie/6_Polyspace/CoverityTest/S32K312_I2C_Master_MCAL/RTD/include/Sema42_Ip.h","timestamp":"2024-12-30T14:23:17+08:00"},{"filename":"D:/Jessie/6_Polyspace/CoverityTest/S32K312_I2C_Master_MCAL/RTD/include/Sema42_Ip_DeviceRegisters.h","timestamp":"2024-12-30T14:23:17+08:00"},{"filename":"D:/Jessie/6_Polyspace/CoverityTest/S32K312_I2C_Master_MCAL/RTD/include/Sema42_Ip_TrustedFunctions.h","timestamp":"2024-12-30T14:23:17+08:00"},{"filename":"D:/Jessie/6_Polyspace/CoverityTest/S32K312_I2C_Master_MCAL/RTD/include/Sema42_Ip_Types.h","timestamp":"2024-12-30T14:23:17+08:00"},{"filename":"D:/Jessie/6_Polyspace/CoverityTest/S32K312_I2C_Master_MCAL/RTD/include/Siul2_Dio_Ip.h","timestamp":"2025-01-08T16:30:07+08:00"},{"filename":"D:/Jessie/6_Polyspace/CoverityTest/S32K312_I2C_Master_MCAL/RTD/include/Siul2_Port_Ip.h","timestamp":"2024-12-30T13:54:25+08:00"},{"filename":"D:/Jessie/6_Polyspace/CoverityTest/S32K312_I2C_Master_MCAL/RTD/include/Siul2_Port_Ip_TrustedFunctions.h","timestamp":"2024-12-30T13:54:25+08:00"},{"filename":"D:/Jessie/6_Polyspace/CoverityTest/S32K312_I2C_Master_MCAL/RTD/include/Siul2_Port_Ip_Types.h","timestamp":"2024-12-30T13:54:25+08:00"},{"filename":"D:/Jessie/6_Polyspace/CoverityTest/S32K312_I2C_Master_MCAL/RTD/include/Stm_Ip.h","timestamp":"2024-12-31T16:53:49+08:00"},{"filename":"D:/Jessie/6_Polyspace/CoverityTest/S32K312_I2C_Master_MCAL/RTD/include/Stm_Ip_TrustedFunctions.h","timestamp":"2024-12-31T16:53:49+08:00"},{"filename":"D:/Jessie/6_Polyspace/CoverityTest/S32K312_I2C_Master_MCAL/RTD/include/Stm_Ip_Types.h","timestamp":"2024-12-31T16:53:49+08:00"},{"filename":"D:/Jessie/6_Polyspace/CoverityTest/S32K312_I2C_Master_MCAL/RTD/include/System_Ip.h","timestamp":"2024-12-30T13:54:26+08:00"},{"filename":"D:/Jessie/6_Polyspace/CoverityTest/S32K312_I2C_Master_MCAL/RTD/include/System_Ip_DeviceRegisters.h","timestamp":"2024-12-30T13:54:26+08:00"},{"filename":"D:/Jessie/6_Polyspace/CoverityTest/S32K312_I2C_Master_MCAL/RTD/include/Trgmux_Ip.h","timestamp":"2024-12-30T13:54:26+08:00"},{"filename":"D:/Jessie/6_Polyspace/CoverityTest/S32K312_I2C_Master_MCAL/RTD/include/Trgmux_Ip_Devassert.h","timestamp":"2024-12-30T13:54:26+08:00"},{"filename":"D:/Jessie/6_Polyspace/CoverityTest/S32K312_I2C_Master_MCAL/RTD/include/Trgmux_Ip_HwAcc.h","timestamp":"2024-12-30T13:54:26+08:00"},{"filename":"D:/Jessie/6_Polyspace/CoverityTest/S32K312_I2C_Master_MCAL/RTD/include/Trgmux_Ip_TrustedFunctions.h","timestamp":"2024-12-30T13:54:26+08:00"},{"filename":"D:/Jessie/6_Polyspace/CoverityTest/S32K312_I2C_Master_MCAL/RTD/include/Trgmux_Ip_Types.h","timestamp":"2024-12-30T13:54:26+08:00"},{"filename":"D:/Jessie/6_Polyspace/CoverityTest/S32K312_I2C_Master_MCAL/RTD/include/Tspc_Port_Ip.h","timestamp":"2024-12-30T13:54:25+08:00"},{"filename":"D:/Jessie/6_Polyspace/CoverityTest/S32K312_I2C_Master_MCAL/RTD/include/Tspc_Port_Ip_Types.h","timestamp":"2024-12-30T13:54:25+08:00"},{"filename":"D:/Jessie/6_Polyspace/CoverityTest/S32K312_I2C_Master_MCAL/RTD/include/Uart_Ipw.h","timestamp":"2024-12-31T14:52:30+08:00"},{"filename":"D:/Jessie/6_Polyspace/CoverityTest/S32K312_I2C_Master_MCAL/RTD/include/Uart_Ipw_Types.h","timestamp":"2024-12-31T14:52:30+08:00"},{"filename":"D:/Jessie/6_Polyspace/CoverityTest/S32K312_I2C_Master_MCAL/RTD/include/Uart_Types.h","timestamp":"2024-12-31T14:52:30+08:00"},{"filename":"D:/Jessie/6_Polyspace/CoverityTest/S32K312_I2C_Master_MCAL/RTD/include/Virt_Wrapper_Ip.h","timestamp":"2024-12-30T14:23:17+08:00"},{"filename":"D:/Jessie/6_Polyspace/CoverityTest/S32K312_I2C_Master_MCAL/RTD/include/Virt_Wrapper_Ip_Device_Registers.h","timestamp":"2024-12-30T14:23:17+08:00"},{"filename":"D:/Jessie/6_Polyspace/CoverityTest/S32K312_I2C_Master_MCAL/RTD/include/Virt_Wrapper_Ip_TrustedFunctions.h","timestamp":"2024-12-30T14:23:17+08:00"},{"filename":"D:/Jessie/6_Polyspace/CoverityTest/S32K312_I2C_Master_MCAL/RTD/include/Virt_Wrapper_Ip_Types.h","timestamp":"2024-12-30T14:23:17+08:00"},{"filename":"D:/Jessie/6_Polyspace/CoverityTest/S32K312_I2C_Master_MCAL/RTD/include/Xbic_Ip.h","timestamp":"2024-12-30T14:23:17+08:00"},{"filename":"D:/Jessie/6_Polyspace/CoverityTest/S32K312_I2C_Master_MCAL/RTD/include/Xbic_Ip_Device_Registers.h","timestamp":"2024-12-30T14:23:17+08:00"},{"filename":"D:/Jessie/6_Polyspace/CoverityTest/S32K312_I2C_Master_MCAL/RTD/include/Xbic_Ip_TrustedFunctions.h","timestamp":"2024-12-30T14:23:17+08:00"},{"filename":"D:/Jessie/6_Polyspace/CoverityTest/S32K312_I2C_Master_MCAL/RTD/include/Xbic_Ip_Types.h","timestamp":"2024-12-30T14:23:17+08:00"},{"filename":"D:/Jessie/6_Polyspace/CoverityTest/S32K312_I2C_Master_MCAL/RTD/include/Xrdc_Ip.h","timestamp":"2024-12-30T14:23:17+08:00"},{"filename":"D:/Jessie/6_Polyspace/CoverityTest/S32K312_I2C_Master_MCAL/RTD/include/Xrdc_Ip_Device_Registers.h","timestamp":"2024-12-30T14:23:17+08:00"},{"filename":"D:/Jessie/6_Polyspace/CoverityTest/S32K312_I2C_Master_MCAL/RTD/include/Xrdc_Ip_TrustedFunctions.h","timestamp":"2024-12-30T14:23:17+08:00"},{"filename":"D:/Jessie/6_Polyspace/CoverityTest/S32K312_I2C_Master_MCAL/RTD/include/Xrdc_Ip_Types.h","timestamp":"2024-12-30T14:23:17+08:00"},{"filename":"D:/Jessie/6_Polyspace/CoverityTest/S32K312_I2C_Master_MCAL/RTD/src/Axbs_Ip.c","timestamp":"2024-12-30T14:23:16+08:00"},{"filename":"D:/Jessie/6_Polyspace/CoverityTest/S32K312_I2C_Master_MCAL/RTD/src/CDD_I2c.c","timestamp":"2024-12-30T13:54:26+08:00"},{"filename":"D:/Jessie/6_Polyspace/CoverityTest/S32K312_I2C_Master_MCAL/RTD/src/CDD_Mcl.c","timestamp":"2024-12-30T13:54:26+08:00"},{"filename":"D:/Jessie/6_Polyspace/CoverityTest/S32K312_I2C_Master_MCAL/RTD/src/CDD_Mcl_Ipw.c","timestamp":"2024-12-30T13:54:26+08:00"},{"filename":"D:/Jessie/6_Polyspace/CoverityTest/S32K312_I2C_Master_MCAL/RTD/src/CDD_Rm.c","timestamp":"2024-12-30T14:23:16+08:00"},{"filename":"D:/Jessie/6_Polyspace/CoverityTest/S32K312_I2C_Master_MCAL/RTD/src/CDD_Rm_Ipw.c","timestamp":"2024-12-30T14:23:16+08:00"},{"filename":"D:/Jessie/6_Polyspace/CoverityTest/S32K312_I2C_Master_MCAL/RTD/src/CDD_Uart.c","timestamp":"2024-12-31T14:52:29+08:00"},{"filename":"D:/Jessie/6_Polyspace/CoverityTest/S32K312_I2C_Master_MCAL/RTD/src/Cache_Ip.c","timestamp":"2024-12-30T13:54:26+08:00"},{"filename":"D:/Jessie/6_Polyspace/CoverityTest/S32K312_I2C_Master_MCAL/RTD/src/Cache_Ip_HwAcc_ArmCoreMx.c","timestamp":"2024-12-30T13:54:26+08:00"},{"filename":"D:/Jessie/6_Polyspace/CoverityTest/S32K312_I2C_Master_MCAL/RTD/src/Clock_Ip.c","timestamp":"2024-12-30T13:54:25+08:00"},{"filename":"D:/Jessie/6_Polyspace/CoverityTest/S32K312_I2C_Master_MCAL/RTD/src/Clock_Ip_Data.c","timestamp":"2024-12-30T13:54:25+08:00"},{"filename":"D:/Jessie/6_Polyspace/CoverityTest/S32K312_I2C_Master_MCAL/RTD/src/Clock_Ip_Divider.c","timestamp":"2024-12-30T13:54:25+08:00"},{"filename":"D:/Jessie/6_Polyspace/CoverityTest/S32K312_I2C_Master_MCAL/RTD/src/Clock_Ip_DividerTrigger.c","timestamp":"2024-12-30T13:54:25+08:00"},{"filename":"D:/Jessie/6_Polyspace/CoverityTest/S32K312_I2C_Master_MCAL/RTD/src/Clock_Ip_ExtOsc.c","timestamp":"2024-12-30T13:54:25+08:00"},{"filename":"D:/Jessie/6_Polyspace/CoverityTest/S32K312_I2C_Master_MCAL/RTD/src/Clock_Ip_FracDiv.c","timestamp":"2024-12-30T13:54:25+08:00"},{"filename":"D:/Jessie/6_Polyspace/CoverityTest/S32K312_I2C_Master_MCAL/RTD/src/Clock_Ip_Frequency.c","timestamp":"2024-12-30T13:54:25+08:00"},{"filename":"D:/Jessie/6_Polyspace/CoverityTest/S32K312_I2C_Master_MCAL/RTD/src/Clock_Ip_Gate.c","timestamp":"2024-12-30T13:54:25+08:00"},{"filename":"D:/Jessie/6_Polyspace/CoverityTest/S32K312_I2C_Master_MCAL/RTD/src/Clock_Ip_IntOsc.c","timestamp":"2024-12-30T13:54:25+08:00"},{"filename":"D:/Jessie/6_Polyspace/CoverityTest/S32K312_I2C_Master_MCAL/RTD/src/Clock_Ip_Irq.c","timestamp":"2024-12-30T13:54:25+08:00"},{"filename":"D:/Jessie/6_Polyspace/CoverityTest/S32K312_I2C_Master_MCAL/RTD/src/Clock_Ip_Monitor.c","timestamp":"2024-12-30T13:54:25+08:00"},{"filename":"D:/Jessie/6_Polyspace/CoverityTest/S32K312_I2C_Master_MCAL/RTD/src/Clock_Ip_Pll.c","timestamp":"2024-12-30T13:54:25+08:00"},{"filename":"D:/Jessie/6_Polyspace/CoverityTest/S32K312_I2C_Master_MCAL/RTD/src/Clock_Ip_ProgFreqSwitch.c","timestamp":"2024-12-30T13:54:25+08:00"},{"filename":"D:/Jessie/6_Polyspace/CoverityTest/S32K312_I2C_Master_MCAL/RTD/src/Clock_Ip_Selector.c","timestamp":"2024-12-30T13:54:25+08:00"},{"filename":"D:/Jessie/6_Polyspace/CoverityTest/S32K312_I2C_Master_MCAL/RTD/src/Clock_Ip_Specific.c","timestamp":"2024-12-30T13:54:25+08:00"},{"filename":"D:/Jessie/6_Polyspace/CoverityTest/S32K312_I2C_Master_MCAL/RTD/src/Dem.c","timestamp":"2024-12-30T13:54:26+08:00"},{"filename":"D:/Jessie/6_Polyspace/CoverityTest/S32K312_I2C_Master_MCAL/RTD/src/Dem_stub.c","timestamp":"2024-12-30T13:54:26+08:00"},{"filename":"D:/Jessie/6_Polyspace/CoverityTest/S32K312_I2C_Master_MCAL/RTD/src/Det.c","timestamp":"2024-12-30T13:54:25+08:00"},{"filename":"D:/Jessie/6_Polyspace/CoverityTest/S32K312_I2C_Master_MCAL/RTD/src/Det_stub.c","timestamp":"2024-12-30T13:54:25+08:00"},{"filename":"D:/Jessie/6_Polyspace/CoverityTest/S32K312_I2C_Master_MCAL/RTD/src/Dio.c","timestamp":"2025-01-08T16:30:07+08:00"},{"filename":"D:/Jessie/6_Polyspace/CoverityTest/S32K312_I2C_Master_MCAL/RTD/src/Dio_Ipw.c","timestamp":"2025-01-08T16:30:07+08:00"},{"filename":"D:/Jessie/6_Polyspace/CoverityTest/S32K312_I2C_Master_MCAL/RTD/src/Dma_Ip.c","timestamp":"2024-12-30T13:54:26+08:00"},{"filename":"D:/Jessie/6_Polyspace/CoverityTest/S32K312_I2C_Master_MCAL/RTD/src/Dma_Ip_Driver_State.c","timestamp":"2024-12-30T13:54:26+08:00"},{"filename":"D:/Jessie/6_Polyspace/CoverityTest/S32K312_I2C_Master_MCAL/RTD/src/Dma_Ip_Hw_Access.c","timestamp":"2024-12-30T13:54:26+08:00"},{"filename":"D:/Jessie/6_Polyspace/CoverityTest/S32K312_I2C_Master_MCAL/RTD/src/Dma_Ip_Irq.c","timestamp":"2024-12-30T13:54:26+08:00"},{"filename":"D:/Jessie/6_Polyspace/CoverityTest/S32K312_I2C_Master_MCAL/RTD/src/Dma_Ip_Multicore.c","timestamp":"2024-12-30T13:54:26+08:00"},{"filename":"D:/Jessie/6_Polyspace/CoverityTest/S32K312_I2C_Master_MCAL/RTD/src/Dma_Mux_Ip.c","timestamp":"2024-12-30T14:23:16+08:00"},{"filename":"D:/Jessie/6_Polyspace/CoverityTest/S32K312_I2C_Master_MCAL/RTD/src/Emios_Gpt_Ip.c","timestamp":"2024-12-31T16:53:49+08:00"},{"filename":"D:/Jessie/6_Polyspace/CoverityTest/S32K312_I2C_Master_MCAL/RTD/src/Emios_Mcl_Ip.c","timestamp":"2024-12-30T13:54:26+08:00"},{"filename":"D:/Jessie/6_Polyspace/CoverityTest/S32K312_I2C_Master_MCAL/RTD/src/Emios_Mcl_Ip_Irq.c","timestamp":"2024-12-30T13:54:26+08:00"},{"filename":"D:/Jessie/6_Polyspace/CoverityTest/S32K312_I2C_Master_MCAL/RTD/src/Flexio_I2c_Ip.c","timestamp":"2024-12-30T13:54:26+08:00"},{"filename":"D:/Jessie/6_Polyspace/CoverityTest/S32K312_I2C_Master_MCAL/RTD/src/Flexio_Mcl_Ip.c","timestamp":"2024-12-30T13:54:26+08:00"},{"filename":"D:/Jessie/6_Polyspace/CoverityTest/S32K312_I2C_Master_MCAL/RTD/src/Flexio_Mcl_Ip_HwAccess.c","timestamp":"2024-12-30T13:54:26+08:00"},{"filename":"D:/Jessie/6_Polyspace/CoverityTest/S32K312_I2C_Master_MCAL/RTD/src/Flexio_Mcl_Ip_Irq.c","timestamp":"2024-12-30T13:54:26+08:00"},{"filename":"D:/Jessie/6_Polyspace/CoverityTest/S32K312_I2C_Master_MCAL/RTD/src/Flexio_Uart_Ip.c","timestamp":"2024-12-31T14:52:29+08:00"},{"filename":"D:/Jessie/6_Polyspace/CoverityTest/S32K312_I2C_Master_MCAL/RTD/src/Flexio_Uart_Ip_Irq.c","timestamp":"2024-12-31T14:52:29+08:00"},{"filename":"D:/Jessie/6_Polyspace/CoverityTest/S32K312_I2C_Master_MCAL/RTD/src/Gpt.c","timestamp":"2024-12-31T16:53:49+08:00"},{"filename":"D:/Jessie/6_Polyspace/CoverityTest/S32K312_I2C_Master_MCAL/RTD/src/Gpt_Ipw.c","timestamp":"2024-12-31T16:53:49+08:00"},{"filename":"D:/Jessie/6_Polyspace/CoverityTest/S32K312_I2C_Master_MCAL/RTD/src/I2c_Ipw.c","timestamp":"2024-12-30T13:54:26+08:00"},{"filename":"D:/Jessie/6_Polyspace/CoverityTest/S32K312_I2C_Master_MCAL/RTD/src/Igf_Port_Ip.c","timestamp":"2024-12-30T13:54:25+08:00"},{"filename":"D:/Jessie/6_Polyspace/CoverityTest/S32K312_I2C_Master_MCAL/RTD/src/IntCtrl_Ip.c","timestamp":"2024-12-30T13:54:26+08:00"},{"filename":"D:/Jessie/6_Polyspace/CoverityTest/S32K312_I2C_Master_MCAL/RTD/src/Lcu_Ip.c","timestamp":"2024-12-30T13:54:26+08:00"},{"filename":"D:/Jessie/6_Polyspace/CoverityTest/S32K312_I2C_Master_MCAL/RTD/src/Lcu_Ip_Hw_Access.c","timestamp":"2024-12-30T13:54:26+08:00"},{"filename":"D:/Jessie/6_Polyspace/CoverityTest/S32K312_I2C_Master_MCAL/RTD/src/Lcu_Ip_Irq.c","timestamp":"2024-12-30T13:54:26+08:00"},{"filename":"D:/Jessie/6_Polyspace/CoverityTest/S32K312_I2C_Master_MCAL/RTD/src/Lcu_Ip_Multicore.c","timestamp":"2024-12-30T13:54:26+08:00"},{"filename":"D:/Jessie/6_Polyspace/CoverityTest/S32K312_I2C_Master_MCAL/RTD/src/Lpi2c_Ip.c","timestamp":"2024-12-30T13:54:26+08:00"},{"filename":"D:/Jessie/6_Polyspace/CoverityTest/S32K312_I2C_Master_MCAL/RTD/src/Lpi2c_Ip_HwAccess.c","timestamp":"2024-12-30T13:54:26+08:00"},{"filename":"D:/Jessie/6_Polyspace/CoverityTest/S32K312_I2C_Master_MCAL/RTD/src/Lpi2c_Ip_Irq.c","timestamp":"2024-12-30T13:54:26+08:00"},{"filename":"D:/Jessie/6_Polyspace/CoverityTest/S32K312_I2C_Master_MCAL/RTD/src/Lpuart_Uart_Ip.c","timestamp":"2024-12-31T14:52:29+08:00"},{"filename":"D:/Jessie/6_Polyspace/CoverityTest/S32K312_I2C_Master_MCAL/RTD/src/Lpuart_Uart_Ip_Irq.c","timestamp":"2024-12-31T14:52:29+08:00"},{"filename":"D:/Jessie/6_Polyspace/CoverityTest/S32K312_I2C_Master_MCAL/RTD/src/Mcu.c","timestamp":"2024-12-30T13:54:26+08:00"},{"filename":"D:/Jessie/6_Polyspace/CoverityTest/S32K312_I2C_Master_MCAL/RTD/src/Mcu_Dem_Wrapper.c","timestamp":"2024-12-30T13:54:26+08:00"},{"filename":"D:/Jessie/6_Polyspace/CoverityTest/S32K312_I2C_Master_MCAL/RTD/src/Mcu_Ipw.c","timestamp":"2024-12-30T13:54:26+08:00"},{"filename":"D:/Jessie/6_Polyspace/CoverityTest/S32K312_I2C_Master_MCAL/RTD/src/Mpu_M7_Ip.c","timestamp":"2024-12-30T13:54:26+08:00"},{"filename":"D:/Jessie/6_Polyspace/CoverityTest/S32K312_I2C_Master_MCAL/RTD/src/Mscm_Ip.c","timestamp":"2024-12-30T14:23:16+08:00"},{"filename":"D:/Jessie/6_Polyspace/CoverityTest/S32K312_I2C_Master_MCAL/RTD/src/OsIf_Interrupts.c","timestamp":"2024-12-30T13:54:26+08:00"},{"filename":"D:/Jessie/6_Polyspace/CoverityTest/S32K312_I2C_Master_MCAL/RTD/src/OsIf_Timer.c","timestamp":"2024-12-30T13:54:26+08:00"},{"filename":"D:/Jessie/6_Polyspace/CoverityTest/S32K312_I2C_Master_MCAL/RTD/src/OsIf_Timer_System.c","timestamp":"2024-12-30T13:54:26+08:00"},{"filename":"D:/Jessie/6_Polyspace/CoverityTest/S32K312_I2C_Master_MCAL/RTD/src/OsIf_Timer_System_Internal_Systick.c","timestamp":"2024-12-30T13:54:26+08:00"},{"filename":"D:/Jessie/6_Polyspace/CoverityTest/S32K312_I2C_Master_MCAL/RTD/src/Pflash_Ip.c","timestamp":"2024-12-30T14:23:16+08:00"},{"filename":"D:/Jessie/6_Polyspace/CoverityTest/S32K312_I2C_Master_MCAL/RTD/src/Pit_Ip.c","timestamp":"2024-12-31T16:53:49+08:00"},{"filename":"D:/Jessie/6_Polyspace/CoverityTest/S32K312_I2C_Master_MCAL/RTD/src/Platform.c","timestamp":"2024-12-30T13:54:26+08:00"},{"filename":"D:/Jessie/6_Polyspace/CoverityTest/S32K312_I2C_Master_MCAL/RTD/src/Platform_Ipw.c","timestamp":"2024-12-30T13:54:26+08:00"},{"filename":"D:/Jessie/6_Polyspace/CoverityTest/S32K312_I2C_Master_MCAL/RTD/src/Port.c","timestamp":"2024-12-30T13:54:25+08:00"},{"filename":"D:/Jessie/6_Polyspace/CoverityTest/S32K312_I2C_Master_MCAL/RTD/src/Port_Ipw.c","timestamp":"2024-12-30T13:54:25+08:00"},{"filename":"D:/Jessie/6_Polyspace/CoverityTest/S32K312_I2C_Master_MCAL/RTD/src/Power_Ip.c","timestamp":"2024-12-30T13:54:26+08:00"},{"filename":"D:/Jessie/6_Polyspace/CoverityTest/S32K312_I2C_Master_MCAL/RTD/src/Power_Ip_AEC.c","timestamp":"2024-12-30T13:54:26+08:00"},{"filename":"D:/Jessie/6_Polyspace/CoverityTest/S32K312_I2C_Master_MCAL/RTD/src/Power_Ip_CortexM7.c","timestamp":"2024-12-30T13:54:26+08:00"},{"filename":"D:/Jessie/6_Polyspace/CoverityTest/S32K312_I2C_Master_MCAL/RTD/src/Power_Ip_DCM_GPR.c","timestamp":"2024-12-30T13:54:26+08:00"},{"filename":"D:/Jessie/6_Polyspace/CoverityTest/S32K312_I2C_Master_MCAL/RTD/src/Power_Ip_FLASH.c","timestamp":"2024-12-30T13:54:26+08:00"},{"filename":"D:/Jessie/6_Polyspace/CoverityTest/S32K312_I2C_Master_MCAL/RTD/src/Power_Ip_MC_ME.c","timestamp":"2024-12-30T13:54:26+08:00"},{"filename":"D:/Jessie/6_Polyspace/CoverityTest/S32K312_I2C_Master_MCAL/RTD/src/Power_Ip_MC_RGM.c","timestamp":"2024-12-30T13:54:26+08:00"},{"filename":"D:/Jessie/6_Polyspace/CoverityTest/S32K312_I2C_Master_MCAL/RTD/src/Power_Ip_MC_RGM_Irq.c","timestamp":"2024-12-30T13:54:26+08:00"},{"filename":"D:/Jessie/6_Polyspace/CoverityTest/S32K312_I2C_Master_MCAL/RTD/src/Power_Ip_PMC.c","timestamp":"2024-12-30T13:54:26+08:00"},{"filename":"D:/Jessie/6_Polyspace/CoverityTest/S32K312_I2C_Master_MCAL/RTD/src/Power_Ip_PMC_Irq.c","timestamp":"2024-12-30T13:54:26+08:00"},{"filename":"D:/Jessie/6_Polyspace/CoverityTest/S32K312_I2C_Master_MCAL/RTD/src/Power_Ip_Private.c","timestamp":"2024-12-30T13:54:26+08:00"},{"filename":"D:/Jessie/6_Polyspace/CoverityTest/S32K312_I2C_Master_MCAL/RTD/src/Ram_Ip.c","timestamp":"2024-12-30T13:54:26+08:00"},{"filename":"D:/Jessie/6_Polyspace/CoverityTest/S32K312_I2C_Master_MCAL/RTD/src/Rtc_Ip.c","timestamp":"2024-12-31T16:53:49+08:00"},{"filename":"D:/Jessie/6_Polyspace/CoverityTest/S32K312_I2C_Master_MCAL/RTD/src/SchM_Dio.c","timestamp":"2025-01-08T16:30:07+08:00"},{"filename":"D:/Jessie/6_Polyspace/CoverityTest/S32K312_I2C_Master_MCAL/RTD/src/SchM_Gpt.c","timestamp":"2024-12-31T16:53:49+08:00"},{"filename":"D:/Jessie/6_Polyspace/CoverityTest/S32K312_I2C_Master_MCAL/RTD/src/SchM_I2c.c","timestamp":"2024-12-30T13:54:26+08:00"},{"filename":"D:/Jessie/6_Polyspace/CoverityTest/S32K312_I2C_Master_MCAL/RTD/src/SchM_Mcl.c","timestamp":"2024-12-30T13:54:26+08:00"},{"filename":"D:/Jessie/6_Polyspace/CoverityTest/S32K312_I2C_Master_MCAL/RTD/src/SchM_Mcu.c","timestamp":"2024-12-30T13:54:26+08:00"},{"filename":"D:/Jessie/6_Polyspace/CoverityTest/S32K312_I2C_Master_MCAL/RTD/src/SchM_Port.c","timestamp":"2024-12-30T13:54:26+08:00"},{"filename":"D:/Jessie/6_Polyspace/CoverityTest/S32K312_I2C_Master_MCAL/RTD/src/SchM_Rm.c","timestamp":"2024-12-30T14:23:16+08:00"},{"filename":"D:/Jessie/6_Polyspace/CoverityTest/S32K312_I2C_Master_MCAL/RTD/src/SchM_Uart.c","timestamp":"2024-12-31T14:52:30+08:00"},{"filename":"D:/Jessie/6_Polyspace/CoverityTest/S32K312_I2C_Master_MCAL/RTD/src/Sema42_Ip.c","timestamp":"2024-12-30T14:23:16+08:00"},{"filename":"D:/Jessie/6_Polyspace/CoverityTest/S32K312_I2C_Master_MCAL/RTD/src/Siul2_Dio_Ip.c","timestamp":"2025-01-08T16:30:07+08:00"},{"filename":"D:/Jessie/6_Polyspace/CoverityTest/S32K312_I2C_Master_MCAL/RTD/src/Siul2_Port_Ip.c","timestamp":"2024-12-30T13:54:25+08:00"},{"filename":"D:/Jessie/6_Polyspace/CoverityTest/S32K312_I2C_Master_MCAL/RTD/src/Stm_Ip.c","timestamp":"2024-12-31T16:53:49+08:00"},{"filename":"D:/Jessie/6_Polyspace/CoverityTest/S32K312_I2C_Master_MCAL/RTD/src/System_Ip.c","timestamp":"2024-12-30T13:54:26+08:00"},{"filename":"D:/Jessie/6_Polyspace/CoverityTest/S32K312_I2C_Master_MCAL/RTD/src/Trgmux_Ip.c","timestamp":"2024-12-30T13:54:26+08:00"},{"filename":"D:/Jessie/6_Polyspace/CoverityTest/S32K312_I2C_Master_MCAL/RTD/src/Trgmux_Ip_HwAcc.c","timestamp":"2024-12-30T13:54:26+08:00"},{"filename":"D:/Jessie/6_Polyspace/CoverityTest/S32K312_I2C_Master_MCAL/RTD/src/Tspc_Port_Ip.c","timestamp":"2024-12-30T13:54:25+08:00"},{"filename":"D:/Jessie/6_Polyspace/CoverityTest/S32K312_I2C_Master_MCAL/RTD/src/Uart_Ipw.c","timestamp":"2024-12-31T14:52:30+08:00"},{"filename":"D:/Jessie/6_Polyspace/CoverityTest/S32K312_I2C_Master_MCAL/RTD/src/Virt_Wrapper_Ip.c","timestamp":"2024-12-30T14:23:17+08:00"},{"filename":"D:/Jessie/6_Polyspace/CoverityTest/S32K312_I2C_Master_MCAL/RTD/src/Xbic_Ip.c","timestamp":"2024-12-30T14:23:17+08:00"},{"filename":"D:/Jessie/6_Polyspace/CoverityTest/S32K312_I2C_Master_MCAL/RTD/src/Xrdc_Ip.c","timestamp":"2024-12-30T14:23:17+08:00"},{"filename":"D:/Jessie/6_Polyspace/CoverityTest/S32K312_I2C_Master_MCAL/board/Siul2_Port_Ip_Cfg.c","timestamp":"2024-12-27T15:55:11+08:00"},{"filename":"D:/Jessie/6_Polyspace/CoverityTest/S32K312_I2C_Master_MCAL/board/Siul2_Port_Ip_Cfg.h","timestamp":"2025-01-08T16:41:17+08:00"},{"filename":"D:/Jessie/6_Polyspace/CoverityTest/S32K312_I2C_Master_MCAL/board/Tspc_Port_Ip_Cfg.c","timestamp":"2024-12-27T15:55:11+08:00"},{"filename":"D:/Jessie/6_Polyspace/CoverityTest/S32K312_I2C_Master_MCAL/board/Tspc_Port_Ip_Cfg.h","timestamp":"2025-01-08T16:41:17+08:00"},{"filename":"D:/Jessie/6_Polyspace/CoverityTest/S32K312_I2C_Master_MCAL/generate/include/Axbs_Ip_Cfg.h","timestamp":"2024-12-30T14:27:07+08:00"},{"filename":"D:/Jessie/6_Polyspace/CoverityTest/S32K312_I2C_Master_MCAL/generate/include/Axbs_Ip_Cfg_Defines.h","timestamp":"2024-12-30T14:27:07+08:00"},{"filename":"D:/Jessie/6_Polyspace/CoverityTest/S32K312_I2C_Master_MCAL/generate/include/Axbs_Ip_PBcfg.h","timestamp":"2024-12-30T14:27:07+08:00"},{"filename":"D:/Jessie/6_Polyspace/CoverityTest/S32K312_I2C_Master_MCAL/generate/include/CDD_I2c_Cfg.h","timestamp":"2024-12-31T16:49:08+08:00"},{"filename":"D:/Jessie/6_Polyspace/CoverityTest/S32K312_I2C_Master_MCAL/generate/include/CDD_I2c_PBcfg.h","timestamp":"2024-12-27T15:13:00+08:00"},{"filename":"D:/Jessie/6_Polyspace/CoverityTest/S32K312_I2C_Master_MCAL/generate/include/CDD_Mcl_Cfg.h","timestamp":"2024-12-30T16:50:07+08:00"},{"filename":"D:/Jessie/6_Polyspace/CoverityTest/S32K312_I2C_Master_MCAL/generate/include/CDD_Mcl_Cfg_Defines.h","timestamp":"2024-12-27T14:49:30+08:00"},{"filename":"D:/Jessie/6_Polyspace/CoverityTest/S32K312_I2C_Master_MCAL/generate/include/CDD_Mcl_PBcfg.h","timestamp":"2024-12-30T16:50:07+08:00"},{"filename":"D:/Jessie/6_Polyspace/CoverityTest/S32K312_I2C_Master_MCAL/generate/include/CDD_Rm_Cfg.h","timestamp":"2024-12-30T15:46:09+08:00"},{"filename":"D:/Jessie/6_Polyspace/CoverityTest/S32K312_I2C_Master_MCAL/generate/include/CDD_Rm_Ipw_Cfg.h","timestamp":"2024-12-30T14:27:07+08:00"},{"filename":"D:/Jessie/6_Polyspace/CoverityTest/S32K312_I2C_Master_MCAL/generate/include/CDD_Rm_Ipw_PBcfg.h","timestamp":"2024-12-30T14:27:07+08:00"},{"filename":"D:/Jessie/6_Polyspace/CoverityTest/S32K312_I2C_Master_MCAL/generate/include/CDD_Rm_PBcfg.h","timestamp":"2024-12-30T14:27:07+08:00"},{"filename":"D:/Jessie/6_Polyspace/CoverityTest/S32K312_I2C_Master_MCAL/generate/include/CDD_Uart_Cfg.h","timestamp":"2024-12-31T16:03:28+08:00"},{"filename":"D:/Jessie/6_Polyspace/CoverityTest/S32K312_I2C_Master_MCAL/generate/include/CDD_Uart_Defines.h","timestamp":"2024-12-31T16:49:08+08:00"},{"filename":"D:/Jessie/6_Polyspace/CoverityTest/S32K312_I2C_Master_MCAL/generate/include/CDD_Uart_PBcfg.h","timestamp":"2024-12-31T16:03:28+08:00"},{"filename":"D:/Jessie/6_Polyspace/CoverityTest/S32K312_I2C_Master_MCAL/generate/include/Cache_Ip_Cfg_Defines.h","timestamp":"2024-12-27T14:49:31+08:00"},{"filename":"D:/Jessie/6_Polyspace/CoverityTest/S32K312_I2C_Master_MCAL/generate/include/Cache_Ip_Cfg_DeviceRegisters.h","timestamp":"2024-12-27T14:49:30+08:00"},{"filename":"D:/Jessie/6_Polyspace/CoverityTest/S32K312_I2C_Master_MCAL/generate/include/Clock_Ip_Cfg.h","timestamp":"2024-12-27T14:49:30+08:00"},{"filename":"D:/Jessie/6_Polyspace/CoverityTest/S32K312_I2C_Master_MCAL/generate/include/Clock_Ip_Cfg_Defines.h","timestamp":"2024-12-27T14:49:30+08:00"},{"filename":"D:/Jessie/6_Polyspace/CoverityTest/S32K312_I2C_Master_MCAL/generate/include/Clock_Ip_PBcfg.h","timestamp":"2024-12-27T14:49:30+08:00"},{"filename":"D:/Jessie/6_Polyspace/CoverityTest/S32K312_I2C_Master_MCAL/generate/include/Dem_IntErrId.h","timestamp":"2024-12-27T14:49:31+08:00"},{"filename":"D:/Jessie/6_Polyspace/CoverityTest/S32K312_I2C_Master_MCAL/generate/include/Dio_Cfg.h","timestamp":"2025-01-08T16:31:39+08:00"},{"filename":"D:/Jessie/6_Polyspace/CoverityTest/S32K312_I2C_Master_MCAL/generate/include/Dma_Ip_Cfg.h","timestamp":"2024-12-30T14:27:07+08:00"},{"filename":"D:/Jessie/6_Polyspace/CoverityTest/S32K312_I2C_Master_MCAL/generate/include/Dma_Ip_Cfg_Defines.h","timestamp":"2024-12-30T14:27:07+08:00"},{"filename":"D:/Jessie/6_Polyspace/CoverityTest/S32K312_I2C_Master_MCAL/generate/include/Dma_Ip_Cfg_DeviceRegistersV3.h","timestamp":"2024-12-27T14:49:30+08:00"},{"filename":"D:/Jessie/6_Polyspace/CoverityTest/S32K312_I2C_Master_MCAL/generate/include/Dma_Ip_Cfg_Devices.h","timestamp":"2024-12-27T14:49:30+08:00"},{"filename":"D:/Jessie/6_Polyspace/CoverityTest/S32K312_I2C_Master_MCAL/generate/include/Dma_Ip_PBcfg.h","timestamp":"2024-12-30T14:27:07+08:00"},{"filename":"D:/Jessie/6_Polyspace/CoverityTest/S32K312_I2C_Master_MCAL/generate/include/Dma_Mux_Ip_Cfg.h","timestamp":"2024-12-30T14:27:07+08:00"},{"filename":"D:/Jessie/6_Polyspace/CoverityTest/S32K312_I2C_Master_MCAL/generate/include/Dma_Mux_Ip_Cfg_Defines.h","timestamp":"2024-12-30T14:27:07+08:00"},{"filename":"D:/Jessie/6_Polyspace/CoverityTest/S32K312_I2C_Master_MCAL/generate/include/Dma_Mux_Ip_PBcfg.h","timestamp":"2024-12-30T14:27:07+08:00"},{"filename":"D:/Jessie/6_Polyspace/CoverityTest/S32K312_I2C_Master_MCAL/generate/include/Emios_Gpt_Ip_Cfg.h","timestamp":"2024-12-31T16:59:03+08:00"},{"filename":"D:/Jessie/6_Polyspace/CoverityTest/S32K312_I2C_Master_MCAL/generate/include/Emios_Gpt_Ip_Cfg_Defines.h","timestamp":"2024-12-31T16:59:03+08:00"},{"filename":"D:/Jessie/6_Polyspace/CoverityTest/S32K312_I2C_Master_MCAL/generate/include/Emios_Gpt_Ip_PBcfg.h","timestamp":"2024-12-31T16:59:03+08:00"},{"filename":"D:/Jessie/6_Polyspace/CoverityTest/S32K312_I2C_Master_MCAL/generate/include/Emios_Mcl_Ip_Cfg.h","timestamp":"2024-12-27T14:49:30+08:00"},{"filename":"D:/Jessie/6_Polyspace/CoverityTest/S32K312_I2C_Master_MCAL/generate/include/Emios_Mcl_Ip_Cfg_Defines.h","timestamp":"2024-12-31T16:59:03+08:00"},{"filename":"D:/Jessie/6_Polyspace/CoverityTest/S32K312_I2C_Master_MCAL/generate/include/Emios_Mcl_Ip_Cfg_DeviceRegisters.h","timestamp":"2024-12-27T14:49:31+08:00"},{"filename":"D:/Jessie/6_Polyspace/CoverityTest/S32K312_I2C_Master_MCAL/generate/include/Emios_Mcl_Ip_PBcfg.h","timestamp":"2024-12-27T14:49:30+08:00"},{"filename":"D:/Jessie/6_Polyspace/CoverityTest/S32K312_I2C_Master_MCAL/generate/include/Flexio_I2c_Ip_Cfg.h","timestamp":"2024-12-30T14:27:07+08:00"},{"filename":"D:/Jessie/6_Polyspace/CoverityTest/S32K312_I2C_Master_MCAL/generate/include/Flexio_I2c_Ip_CfgDefines.h","timestamp":"2024-12-27T15:13:00+08:00"},{"filename":"D:/Jessie/6_Polyspace/CoverityTest/S32K312_I2C_Master_MCAL/generate/include/Flexio_I2c_Ip_PBcfg.h","timestamp":"2024-12-27T15:13:00+08:00"},{"filename":"D:/Jessie/6_Polyspace/CoverityTest/S32K312_I2C_Master_MCAL/generate/include/Flexio_Mcl_Ip_Cfg.h","timestamp":"2024-12-27T14:49:30+08:00"},{"filename":"D:/Jessie/6_Polyspace/CoverityTest/S32K312_I2C_Master_MCAL/generate/include/Flexio_Mcl_Ip_Cfg_Defines.h","timestamp":"2024-12-31T14:58:11+08:00"},{"filename":"D:/Jessie/6_Polyspace/CoverityTest/S32K312_I2C_Master_MCAL/generate/include/Flexio_Mcl_Ip_Cfg_DeviceRegisters.h","timestamp":"2024-12-27T14:49:31+08:00"},{"filename":"D:/Jessie/6_Polyspace/CoverityTest/S32K312_I2C_Master_MCAL/generate/include/Flexio_Mcl_Ip_PBcfg.h","timestamp":"2024-12-27T14:49:30+08:00"},{"filename":"D:/Jessie/6_Polyspace/CoverityTest/S32K312_I2C_Master_MCAL/generate/include/Flexio_Uart_Ip_Cfg.h","timestamp":"2024-12-31T16:49:08+08:00"},{"filename":"D:/Jessie/6_Polyspace/CoverityTest/S32K312_I2C_Master_MCAL/generate/include/Flexio_Uart_Ip_CfgDefines.h","timestamp":"2024-12-31T14:58:11+08:00"},{"filename":"D:/Jessie/6_Polyspace/CoverityTest/S32K312_I2C_Master_MCAL/generate/include/Flexio_Uart_Ip_Defines.h","timestamp":"2024-12-31T16:10:03+08:00"},{"filename":"D:/Jessie/6_Polyspace/CoverityTest/S32K312_I2C_Master_MCAL/generate/include/Flexio_Uart_Ip_PBcfg.h","timestamp":"2024-12-31T14:58:11+08:00"},{"filename":"D:/Jessie/6_Polyspace/CoverityTest/S32K312_I2C_Master_MCAL/generate/include/Gpt_Cfg.h","timestamp":"2024-12-31T16:59:03+08:00"},{"filename":"D:/Jessie/6_Polyspace/CoverityTest/S32K312_I2C_Master_MCAL/generate/include/Gpt_Ipw_PBcfg.h","timestamp":"2024-12-31T16:59:03+08:00"},{"filename":"D:/Jessie/6_Polyspace/CoverityTest/S32K312_I2C_Master_MCAL/generate/include/Gpt_PBcfg.h","timestamp":"2024-12-31T16:59:03+08:00"},{"filename":"D:/Jessie/6_Polyspace/CoverityTest/S32K312_I2C_Master_MCAL/generate/include/I2c_Ipw_PBcfg.h","timestamp":"2024-12-27T15:13:00+08:00"},{"filename":"D:/Jessie/6_Polyspace/CoverityTest/S32K312_I2C_Master_MCAL/generate/include/Igf_Port_Ip_Cfg.h","timestamp":"2024-12-27T15:55:11+08:00"},{"filename":"D:/Jessie/6_Polyspace/CoverityTest/S32K312_I2C_Master_MCAL/generate/include/Igf_Port_Ip_PBcfg.h","timestamp":"2024-12-27T15:55:11+08:00"},{"filename":"D:/Jessie/6_Polyspace/CoverityTest/S32K312_I2C_Master_MCAL/generate/include/IntCtrl_Ip_Cfg.h","timestamp":"2024-12-31T16:59:03+08:00"},{"filename":"D:/Jessie/6_Polyspace/CoverityTest/S32K312_I2C_Master_MCAL/generate/include/IntCtrl_Ip_CfgDefines.h","timestamp":"2024-12-27T14:49:31+08:00"},{"filename":"D:/Jessie/6_Polyspace/CoverityTest/S32K312_I2C_Master_MCAL/generate/include/Intm_Ip_Cfg.h","timestamp":"2024-12-27T14:49:31+08:00"},{"filename":"D:/Jessie/6_Polyspace/CoverityTest/S32K312_I2C_Master_MCAL/generate/include/Intm_Ip_CfgDefines.h","timestamp":"2024-12-27T14:49:31+08:00"},{"filename":"D:/Jessie/6_Polyspace/CoverityTest/S32K312_I2C_Master_MCAL/generate/include/Lcu_Ip_Cfg.h","timestamp":"2024-12-27T14:49:31+08:00"},{"filename":"D:/Jessie/6_Polyspace/CoverityTest/S32K312_I2C_Master_MCAL/generate/include/Lcu_Ip_Cfg_Defines.h","timestamp":"2024-12-27T14:49:31+08:00"},{"filename":"D:/Jessie/6_Polyspace/CoverityTest/S32K312_I2C_Master_MCAL/generate/include/Lcu_Ip_Features.h","timestamp":"2024-12-27T14:49:30+08:00"},{"filename":"D:/Jessie/6_Polyspace/CoverityTest/S32K312_I2C_Master_MCAL/generate/include/Lcu_Ip_PBcfg.h","timestamp":"2024-12-27T14:49:30+08:00"},{"filename":"D:/Jessie/6_Polyspace/CoverityTest/S32K312_I2C_Master_MCAL/generate/include/Lcu_Ip_Regs.h","timestamp":"2024-12-27T14:49:30+08:00"},{"filename":"D:/Jessie/6_Polyspace/CoverityTest/S32K312_I2C_Master_MCAL/generate/include/Lpi2c_Ip_Cfg.h","timestamp":"2024-12-27T15:13:00+08:00"},{"filename":"D:/Jessie/6_Polyspace/CoverityTest/S32K312_I2C_Master_MCAL/generate/include/Lpi2c_Ip_CfgDefines.h","timestamp":"2024-12-30T14:27:07+08:00"},{"filename":"D:/Jessie/6_Polyspace/CoverityTest/S32K312_I2C_Master_MCAL/generate/include/Lpi2c_Ip_PBcfg.h","timestamp":"2024-12-27T15:13:00+08:00"},{"filename":"D:/Jessie/6_Polyspace/CoverityTest/S32K312_I2C_Master_MCAL/generate/include/Lpuart_Uart_Ip_Cfg.h","timestamp":"2024-12-31T16:49:08+08:00"},{"filename":"D:/Jessie/6_Polyspace/CoverityTest/S32K312_I2C_Master_MCAL/generate/include/Lpuart_Uart_Ip_Defines.h","timestamp":"2024-12-31T16:10:03+08:00"},{"filename":"D:/Jessie/6_Polyspace/CoverityTest/S32K312_I2C_Master_MCAL/generate/include/Lpuart_Uart_Ip_PBcfg.h","timestamp":"2024-12-31T14:58:11+08:00"},{"filename":"D:/Jessie/6_Polyspace/CoverityTest/S32K312_I2C_Master_MCAL/generate/include/Mcu_Cfg.h","timestamp":"2024-12-27T14:49:31+08:00"},{"filename":"D:/Jessie/6_Polyspace/CoverityTest/S32K312_I2C_Master_MCAL/generate/include/Mcu_Ipw_Cfg_Defines.h","timestamp":"2024-12-27T14:49:31+08:00"},{"filename":"D:/Jessie/6_Polyspace/CoverityTest/S32K312_I2C_Master_MCAL/generate/include/Mcu_PBcfg.h","timestamp":"2024-12-27T14:49:30+08:00"},{"filename":"D:/Jessie/6_Polyspace/CoverityTest/S32K312_I2C_Master_MCAL/generate/include/Mpu_M7_Ip_Cfg.h","timestamp":"2024-12-27T14:49:31+08:00"},{"filename":"D:/Jessie/6_Polyspace/CoverityTest/S32K312_I2C_Master_MCAL/generate/include/Mpu_M7_Ip_Cfg_Defines.h","timestamp":"2024-12-27T14:49:31+08:00"},{"filename":"D:/Jessie/6_Polyspace/CoverityTest/S32K312_I2C_Master_MCAL/generate/include/Mscm_Ip_Cfg.h","timestamp":"2024-12-30T14:27:07+08:00"},{"filename":"D:/Jessie/6_Polyspace/CoverityTest/S32K312_I2C_Master_MCAL/generate/include/Mscm_Ip_Cfg_Defines.h","timestamp":"2024-12-30T14:27:07+08:00"},{"filename":"D:/Jessie/6_Polyspace/CoverityTest/S32K312_I2C_Master_MCAL/generate/include/Mscm_Ip_PBcfg.h","timestamp":"2024-12-30T14:27:07+08:00"},{"filename":"D:/Jessie/6_Polyspace/CoverityTest/S32K312_I2C_Master_MCAL/generate/include/OsIf_ArchCfg.h","timestamp":"2024-12-27T14:25:48+08:00"},{"filename":"D:/Jessie/6_Polyspace/CoverityTest/S32K312_I2C_Master_MCAL/generate/include/OsIf_Cfg.h","timestamp":"2024-12-31T16:10:03+08:00"},{"filename":"D:/Jessie/6_Polyspace/CoverityTest/S32K312_I2C_Master_MCAL/generate/include/Pflash_Ip_Cfg.h","timestamp":"2024-12-30T14:27:07+08:00"},{"filename":"D:/Jessie/6_Polyspace/CoverityTest/S32K312_I2C_Master_MCAL/generate/include/Pflash_Ip_Cfg_Defines.h","timestamp":"2024-12-30T14:27:07+08:00"},{"filename":"D:/Jessie/6_Polyspace/CoverityTest/S32K312_I2C_Master_MCAL/generate/include/Pflash_Ip_PBcfg.h","timestamp":"2024-12-30T14:27:07+08:00"},{"filename":"D:/Jessie/6_Polyspace/CoverityTest/S32K312_I2C_Master_MCAL/generate/include/Pit_Ip_Cfg.h","timestamp":"2024-12-31T16:59:03+08:00"},{"filename":"D:/Jessie/6_Polyspace/CoverityTest/S32K312_I2C_Master_MCAL/generate/include/Pit_Ip_Cfg_Defines.h","timestamp":"2024-12-31T16:59:03+08:00"},{"filename":"D:/Jessie/6_Polyspace/CoverityTest/S32K312_I2C_Master_MCAL/generate/include/Pit_Ip_PBcfg.h","timestamp":"2024-12-31T16:59:03+08:00"},{"filename":"D:/Jessie/6_Polyspace/CoverityTest/S32K312_I2C_Master_MCAL/generate/include/Platform_Cfg.h","timestamp":"2024-12-27T14:49:30+08:00"},{"filename":"D:/Jessie/6_Polyspace/CoverityTest/S32K312_I2C_Master_MCAL/generate/include/Platform_CfgDefines.h","timestamp":"2024-12-27T14:49:30+08:00"},{"filename":"D:/Jessie/6_Polyspace/CoverityTest/S32K312_I2C_Master_MCAL/generate/include/Platform_Ipw_Cfg.h","timestamp":"2024-12-27T14:49:30+08:00"},{"filename":"D:/Jessie/6_Polyspace/CoverityTest/S32K312_I2C_Master_MCAL/generate/include/Port_Cfg.h","timestamp":"2025-01-08T16:41:17+08:00"},{"filename":"D:/Jessie/6_Polyspace/CoverityTest/S32K312_I2C_Master_MCAL/generate/include/Port_PBcfg.h","timestamp":"2024-12-27T15:55:11+08:00"},{"filename":"D:/Jessie/6_Polyspace/CoverityTest/S32K312_I2C_Master_MCAL/generate/include/Power_Ip_Cfg.h","timestamp":"2024-12-27T14:49:30+08:00"},{"filename":"D:/Jessie/6_Polyspace/CoverityTest/S32K312_I2C_Master_MCAL/generate/include/Power_Ip_Cfg_Defines.h","timestamp":"2024-12-27T14:49:30+08:00"},{"filename":"D:/Jessie/6_Polyspace/CoverityTest/S32K312_I2C_Master_MCAL/generate/include/Power_Ip_PBcfg.h","timestamp":"2024-12-27T14:49:30+08:00"},{"filename":"D:/Jessie/6_Polyspace/CoverityTest/S32K312_I2C_Master_MCAL/generate/include/Ram_Ip_Cfg.h","timestamp":"2024-12-27T14:49:31+08:00"},{"filename":"D:/Jessie/6_Polyspace/CoverityTest/S32K312_I2C_Master_MCAL/generate/include/Ram_Ip_Cfg_Defines.h","timestamp":"2024-12-27T14:49:31+08:00"},{"filename":"D:/Jessie/6_Polyspace/CoverityTest/S32K312_I2C_Master_MCAL/generate/include/Ram_Ip_PBcfg.h","timestamp":"2024-12-27T14:49:30+08:00"},{"filename":"D:/Jessie/6_Polyspace/CoverityTest/S32K312_I2C_Master_MCAL/generate/include/Rtc_Ip_Cfg.h","timestamp":"2024-12-31T16:59:03+08:00"},{"filename":"D:/Jessie/6_Polyspace/CoverityTest/S32K312_I2C_Master_MCAL/generate/include/Rtc_Ip_Cfg_Defines.h","timestamp":"2024-12-31T16:59:03+08:00"},{"filename":"D:/Jessie/6_Polyspace/CoverityTest/S32K312_I2C_Master_MCAL/generate/include/Rtc_Ip_PBcfg.h","timestamp":"2024-12-31T16:59:03+08:00"},{"filename":"D:/Jessie/6_Polyspace/CoverityTest/S32K312_I2C_Master_MCAL/generate/include/Sema42_Ip_Cfg_Defines.h","timestamp":"2024-12-30T14:27:07+08:00"},{"filename":"D:/Jessie/6_Polyspace/CoverityTest/S32K312_I2C_Master_MCAL/generate/include/Siul2_Dio_Ip_Cfg.h","timestamp":"2025-01-08T16:31:39+08:00"},{"filename":"D:/Jessie/6_Polyspace/CoverityTest/S32K312_I2C_Master_MCAL/generate/include/Siul2_Port_Ip_Defines.h","timestamp":"2024-12-27T15:55:11+08:00"},{"filename":"D:/Jessie/6_Polyspace/CoverityTest/S32K312_I2C_Master_MCAL/generate/include/Siul2_Port_Ip_PBcfg.h","timestamp":"2024-12-27T15:55:11+08:00"},{"filename":"D:/Jessie/6_Polyspace/CoverityTest/S32K312_I2C_Master_MCAL/generate/include/Stm_Ip_Cfg.h","timestamp":"2024-12-31T16:59:03+08:00"},{"filename":"D:/Jessie/6_Polyspace/CoverityTest/S32K312_I2C_Master_MCAL/generate/include/Stm_Ip_Cfg_Defines.h","timestamp":"2024-12-31T16:59:03+08:00"},{"filename":"D:/Jessie/6_Polyspace/CoverityTest/S32K312_I2C_Master_MCAL/generate/include/Stm_Ip_PBcfg.h","timestamp":"2024-12-31T16:59:03+08:00"},{"filename":"D:/Jessie/6_Polyspace/CoverityTest/S32K312_I2C_Master_MCAL/generate/include/System_Ip_Cfg.h","timestamp":"2024-12-27T14:49:30+08:00"},{"filename":"D:/Jessie/6_Polyspace/CoverityTest/S32K312_I2C_Master_MCAL/generate/include/System_Ip_CfgDefines.h","timestamp":"2024-12-27T14:49:31+08:00"},{"filename":"D:/Jessie/6_Polyspace/CoverityTest/S32K312_I2C_Master_MCAL/generate/include/Trgmux_Ip_Cfg.h","timestamp":"2024-12-27T14:49:30+08:00"},{"filename":"D:/Jessie/6_Polyspace/CoverityTest/S32K312_I2C_Master_MCAL/generate/include/Trgmux_Ip_Cfg_Defines.h","timestamp":"2024-12-27T14:49:31+08:00"},{"filename":"D:/Jessie/6_Polyspace/CoverityTest/S32K312_I2C_Master_MCAL/generate/include/Trgmux_Ip_Cfg_DeviceRegisters.h","timestamp":"2024-12-27T14:49:31+08:00"},{"filename":"D:/Jessie/6_Polyspace/CoverityTest/S32K312_I2C_Master_MCAL/generate/include/Trgmux_Ip_PBcfg.h","timestamp":"2024-12-27T14:49:31+08:00"},{"filename":"D:/Jessie/6_Polyspace/CoverityTest/S32K312_I2C_Master_MCAL/generate/include/Tspc_Port_Ip_PBcfg.h","timestamp":"2024-12-27T15:55:11+08:00"},{"filename":"D:/Jessie/6_Polyspace/CoverityTest/S32K312_I2C_Master_MCAL/generate/include/Uart_Ipw_Cfg.h","timestamp":"2024-12-31T16:49:08+08:00"},{"filename":"D:/Jessie/6_Polyspace/CoverityTest/S32K312_I2C_Master_MCAL/generate/include/Uart_Ipw_PBcfg.h","timestamp":"2024-12-31T14:58:11+08:00"},{"filename":"D:/Jessie/6_Polyspace/CoverityTest/S32K312_I2C_Master_MCAL/generate/include/Virt_Wrapper_Ip_Cfg.h","timestamp":"2024-12-30T14:27:07+08:00"},{"filename":"D:/Jessie/6_Polyspace/CoverityTest/S32K312_I2C_Master_MCAL/generate/include/Virt_Wrapper_Ip_Cfg_Defines.h","timestamp":"2024-12-30T14:27:07+08:00"},{"filename":"D:/Jessie/6_Polyspace/CoverityTest/S32K312_I2C_Master_MCAL/generate/include/Virt_Wrapper_Ip_PBcfg.h","timestamp":"2024-12-30T14:27:07+08:00"},{"filename":"D:/Jessie/6_Polyspace/CoverityTest/S32K312_I2C_Master_MCAL/generate/include/Xbic_Ip_Cfg.h","timestamp":"2024-12-30T14:27:07+08:00"},{"filename":"D:/Jessie/6_Polyspace/CoverityTest/S32K312_I2C_Master_MCAL/generate/include/Xbic_Ip_Cfg_Defines.h","timestamp":"2024-12-30T14:27:07+08:00"},{"filename":"D:/Jessie/6_Polyspace/CoverityTest/S32K312_I2C_Master_MCAL/generate/include/Xbic_Ip_PBcfg.h","timestamp":"2024-12-30T14:27:07+08:00"},{"filename":"D:/Jessie/6_Polyspace/CoverityTest/S32K312_I2C_Master_MCAL/generate/include/Xrdc_Ip_Cfg.h","timestamp":"2024-12-30T14:27:07+08:00"},{"filename":"D:/Jessie/6_Polyspace/CoverityTest/S32K312_I2C_Master_MCAL/generate/include/Xrdc_Ip_Cfg_Defines.h","timestamp":"2024-12-30T14:27:07+08:00"},{"filename":"D:/Jessie/6_Polyspace/CoverityTest/S32K312_I2C_Master_MCAL/generate/include/Xrdc_Ip_PBcfg.h","timestamp":"2024-12-30T14:27:07+08:00"},{"filename":"D:/Jessie/6_Polyspace/CoverityTest/S32K312_I2C_Master_MCAL/generate/include/modules.h","timestamp":"2025-01-08T16:31:39+08:00"},{"filename":"D:/Jessie/6_Polyspace/CoverityTest/S32K312_I2C_Master_MCAL/generate/src/Axbs_Ip_PBcfg.c","timestamp":"2024-12-30T14:27:07+08:00"},{"filename":"D:/Jessie/6_Polyspace/CoverityTest/S32K312_I2C_Master_MCAL/generate/src/CDD_I2c_Cfg.c","timestamp":"2024-12-27T15:13:00+08:00"},{"filename":"D:/Jessie/6_Polyspace/CoverityTest/S32K312_I2C_Master_MCAL/generate/src/CDD_I2c_PBcfg.c","timestamp":"2024-12-27T15:13:00+08:00"},{"filename":"D:/Jessie/6_Polyspace/CoverityTest/S32K312_I2C_Master_MCAL/generate/src/CDD_Mcl_Cfg.c","timestamp":"2024-12-27T14:49:31+08:00"},{"filename":"D:/Jessie/6_Polyspace/CoverityTest/S32K312_I2C_Master_MCAL/generate/src/CDD_Mcl_PBcfg.c","timestamp":"2024-12-30T16:50:07+08:00"},{"filename":"D:/Jessie/6_Polyspace/CoverityTest/S32K312_I2C_Master_MCAL/generate/src/CDD_Rm_Cfg.c","timestamp":"2024-12-30T14:27:07+08:00"},{"filename":"D:/Jessie/6_Polyspace/CoverityTest/S32K312_I2C_Master_MCAL/generate/src/CDD_Rm_Ipw_PBcfg.c","timestamp":"2024-12-30T14:27:07+08:00"},{"filename":"D:/Jessie/6_Polyspace/CoverityTest/S32K312_I2C_Master_MCAL/generate/src/CDD_Rm_PBcfg.c","timestamp":"2024-12-30T14:27:07+08:00"},{"filename":"D:/Jessie/6_Polyspace/CoverityTest/S32K312_I2C_Master_MCAL/generate/src/CDD_Uart_PBcfg.c","timestamp":"2024-12-31T16:03:28+08:00"},{"filename":"D:/Jessie/6_Polyspace/CoverityTest/S32K312_I2C_Master_MCAL/generate/src/Clock_Ip_Cfg.c","timestamp":"2024-12-27T14:49:30+08:00"},{"filename":"D:/Jessie/6_Polyspace/CoverityTest/S32K312_I2C_Master_MCAL/generate/src/Clock_Ip_PBcfg.c","timestamp":"2024-12-31T15:27:44+08:00"},{"filename":"D:/Jessie/6_Polyspace/CoverityTest/S32K312_I2C_Master_MCAL/generate/src/Dio_Cfg.c","timestamp":"2025-01-08T16:31:39+08:00"},{"filename":"D:/Jessie/6_Polyspace/CoverityTest/S32K312_I2C_Master_MCAL/generate/src/Dma_Ip_Cfg.c","timestamp":"2024-12-30T14:27:07+08:00"},{"filename":"D:/Jessie/6_Polyspace/CoverityTest/S32K312_I2C_Master_MCAL/generate/src/Dma_Ip_PBcfg.c","timestamp":"2024-12-30T14:27:07+08:00"},{"filename":"D:/Jessie/6_Polyspace/CoverityTest/S32K312_I2C_Master_MCAL/generate/src/Dma_Mux_Ip_PBcfg.c","timestamp":"2024-12-30T14:27:07+08:00"},{"filename":"D:/Jessie/6_Polyspace/CoverityTest/S32K312_I2C_Master_MCAL/generate/src/Emios_Gpt_Ip_PBcfg.c","timestamp":"2024-12-31T16:59:03+08:00"},{"filename":"D:/Jessie/6_Polyspace/CoverityTest/S32K312_I2C_Master_MCAL/generate/src/Emios_Mcl_Ip_PBcfg.c","timestamp":"2024-12-27T14:49:31+08:00"},{"filename":"D:/Jessie/6_Polyspace/CoverityTest/S32K312_I2C_Master_MCAL/generate/src/Flexio_I2c_Ip_PBcfg.c","timestamp":"2024-12-30T14:27:07+08:00"},{"filename":"D:/Jessie/6_Polyspace/CoverityTest/S32K312_I2C_Master_MCAL/generate/src/Flexio_Mcl_Ip_PBcfg.c","timestamp":"2024-12-27T14:49:31+08:00"},{"filename":"D:/Jessie/6_Polyspace/CoverityTest/S32K312_I2C_Master_MCAL/generate/src/Flexio_Uart_Ip_PBcfg.c","timestamp":"2024-12-31T14:58:11+08:00"},{"filename":"D:/Jessie/6_Polyspace/CoverityTest/S32K312_I2C_Master_MCAL/generate/src/Gpt_Cfg.c","timestamp":"2024-12-31T16:59:03+08:00"},{"filename":"D:/Jessie/6_Polyspace/CoverityTest/S32K312_I2C_Master_MCAL/generate/src/Gpt_Ipw_PBcfg.c","timestamp":"2024-12-31T16:59:03+08:00"},{"filename":"D:/Jessie/6_Polyspace/CoverityTest/S32K312_I2C_Master_MCAL/generate/src/Gpt_PBcfg.c","timestamp":"2024-12-31T16:59:04+08:00"},{"filename":"D:/Jessie/6_Polyspace/CoverityTest/S32K312_I2C_Master_MCAL/generate/src/I2c_Ipw_PBcfg.c","timestamp":"2024-12-27T15:13:00+08:00"},{"filename":"D:/Jessie/6_Polyspace/CoverityTest/S32K312_I2C_Master_MCAL/generate/src/Igf_Port_Ip_Cfg.c","timestamp":"2024-12-27T14:25:48+08:00"},{"filename":"D:/Jessie/6_Polyspace/CoverityTest/S32K312_I2C_Master_MCAL/generate/src/Igf_Port_Ip_PBcfg.c","timestamp":"2024-12-27T15:55:11+08:00"},{"filename":"D:/Jessie/6_Polyspace/CoverityTest/S32K312_I2C_Master_MCAL/generate/src/IntCtrl_Ip_Cfg.c","timestamp":"2024-12-31T16:59:03+08:00"},{"filename":"D:/Jessie/6_Polyspace/CoverityTest/S32K312_I2C_Master_MCAL/generate/src/Lcu_Ip_Cfg.c","timestamp":"2024-12-27T14:49:31+08:00"},{"filename":"D:/Jessie/6_Polyspace/CoverityTest/S32K312_I2C_Master_MCAL/generate/src/Lcu_Ip_PBcfg.c","timestamp":"2024-12-27T14:49:31+08:00"},{"filename":"D:/Jessie/6_Polyspace/CoverityTest/S32K312_I2C_Master_MCAL/generate/src/Lpi2c_Ip_PBcfg.c","timestamp":"2024-12-31T13:53:08+08:00"},{"filename":"D:/Jessie/6_Polyspace/CoverityTest/S32K312_I2C_Master_MCAL/generate/src/Lpuart_Uart_Ip_PBcfg.c","timestamp":"2024-12-31T16:49:08+08:00"},{"filename":"D:/Jessie/6_Polyspace/CoverityTest/S32K312_I2C_Master_MCAL/generate/src/Mcu_Cfg.c","timestamp":"2024-12-27T14:49:31+08:00"},{"filename":"D:/Jessie/6_Polyspace/CoverityTest/S32K312_I2C_Master_MCAL/generate/src/Mcu_PBcfg.c","timestamp":"2024-12-27T14:49:31+08:00"},{"filename":"D:/Jessie/6_Polyspace/CoverityTest/S32K312_I2C_Master_MCAL/generate/src/Mpu_M7_Ip_Cfg.c","timestamp":"2024-12-27T14:49:31+08:00"},{"filename":"D:/Jessie/6_Polyspace/CoverityTest/S32K312_I2C_Master_MCAL/generate/src/Mscm_Ip_PBcfg.c","timestamp":"2024-12-30T14:27:07+08:00"},{"filename":"D:/Jessie/6_Polyspace/CoverityTest/S32K312_I2C_Master_MCAL/generate/src/OsIf_Cfg.c","timestamp":"2024-12-31T16:10:03+08:00"},{"filename":"D:/Jessie/6_Polyspace/CoverityTest/S32K312_I2C_Master_MCAL/generate/src/Pflash_Ip_Cfg.c","timestamp":"2024-12-30T14:27:07+08:00"},{"filename":"D:/Jessie/6_Polyspace/CoverityTest/S32K312_I2C_Master_MCAL/generate/src/Pflash_Ip_PBcfg.c","timestamp":"2024-12-30T14:27:07+08:00"},{"filename":"D:/Jessie/6_Polyspace/CoverityTest/S32K312_I2C_Master_MCAL/generate/src/Pit_Ip_PBcfg.c","timestamp":"2024-12-31T16:59:03+08:00"},{"filename":"D:/Jessie/6_Polyspace/CoverityTest/S32K312_I2C_Master_MCAL/generate/src/Platform_Cfg.c","timestamp":"2024-12-27T14:49:30+08:00"},{"filename":"D:/Jessie/6_Polyspace/CoverityTest/S32K312_I2C_Master_MCAL/generate/src/Platform_Ipw_Cfg.c","timestamp":"2024-12-27T14:49:30+08:00"},{"filename":"D:/Jessie/6_Polyspace/CoverityTest/S32K312_I2C_Master_MCAL/generate/src/Port_Cfg.c","timestamp":"2024-12-27T15:55:11+08:00"},{"filename":"D:/Jessie/6_Polyspace/CoverityTest/S32K312_I2C_Master_MCAL/generate/src/Port_PBcfg.c","timestamp":"2025-01-08T16:41:17+08:00"},{"filename":"D:/Jessie/6_Polyspace/CoverityTest/S32K312_I2C_Master_MCAL/generate/src/Power_Ip_Cfg.c","timestamp":"2024-12-27T14:49:31+08:00"},{"filename":"D:/Jessie/6_Polyspace/CoverityTest/S32K312_I2C_Master_MCAL/generate/src/Power_Ip_PBcfg.c","timestamp":"2024-12-31T15:11:31+08:00"},{"filename":"D:/Jessie/6_Polyspace/CoverityTest/S32K312_I2C_Master_MCAL/generate/src/Ram_Ip_Cfg.c","timestamp":"2024-12-27T14:49:31+08:00"},{"filename":"D:/Jessie/6_Polyspace/CoverityTest/S32K312_I2C_Master_MCAL/generate/src/Ram_Ip_PBcfg.c","timestamp":"2024-12-27T14:49:31+08:00"},{"filename":"D:/Jessie/6_Polyspace/CoverityTest/S32K312_I2C_Master_MCAL/generate/src/Rtc_Ip_PBcfg.c","timestamp":"2024-12-31T16:59:03+08:00"},{"filename":"D:/Jessie/6_Polyspace/CoverityTest/S32K312_I2C_Master_MCAL/generate/src/Siul2_Port_Ip_PBcfg.c","timestamp":"2025-01-08T16:41:17+08:00"},{"filename":"D:/Jessie/6_Polyspace/CoverityTest/S32K312_I2C_Master_MCAL/generate/src/Stm_Ip_PBcfg.c","timestamp":"2024-12-31T16:59:03+08:00"},{"filename":"D:/Jessie/6_Polyspace/CoverityTest/S32K312_I2C_Master_MCAL/generate/src/Trgmux_Ip_Cfg.c","timestamp":"2024-12-27T14:49:30+08:00"},{"filename":"D:/Jessie/6_Polyspace/CoverityTest/S32K312_I2C_Master_MCAL/generate/src/Trgmux_Ip_PBcfg.c","timestamp":"2024-12-27T14:49:31+08:00"},{"filename":"D:/Jessie/6_Polyspace/CoverityTest/S32K312_I2C_Master_MCAL/generate/src/Tspc_Port_Ip_PBcfg.c","timestamp":"2025-01-08T16:41:17+08:00"},{"filename":"D:/Jessie/6_Polyspace/CoverityTest/S32K312_I2C_Master_MCAL/generate/src/Uart_Ipw_PBcfg.c","timestamp":"2024-12-31T16:49:08+08:00"},{"filename":"D:/Jessie/6_Polyspace/CoverityTest/S32K312_I2C_Master_MCAL/generate/src/Virt_Wrapper_Ip_PBcfg.c","timestamp":"2024-12-30T14:27:07+08:00"},{"filename":"D:/Jessie/6_Polyspace/CoverityTest/S32K312_I2C_Master_MCAL/generate/src/Xbic_Ip_PBcfg.c","timestamp":"2024-12-30T14:27:07+08:00"},{"filename":"D:/Jessie/6_Polyspace/CoverityTest/S32K312_I2C_Master_MCAL/generate/src/Xrdc_Ip_Cfg.c","timestamp":"2024-12-30T14:27:07+08:00"},{"filename":"D:/Jessie/6_Polyspace/CoverityTest/S32K312_I2C_Master_MCAL/generate/src/Xrdc_Ip_PBcfg.c","timestamp":"2024-12-30T14:27:07+08:00"},{"filename":"D:/Jessie/6_Polyspace/CoverityTest/S32K312_I2C_Master_MCAL/main.c","timestamp":"2025-01-08T16:42:19+08:00"},{"filename":"D:/Jessie/6_Polyspace/CoverityTest/S32K312_I2C_Master_MCAL/src/main.c","timestamp":"2025-01-08T16:42:19+08:00"}]