<?xml version="1.0" encoding="UTF-8"?>
<!DOCTYPE coverity SYSTEM "coverity_config.dtd">
<coverity>
<!-- THIS FILE IS AUTOMATICALLY GENERATED - YOU MAY ADD XML ENTITIES -->
<!-- TO UPDATE THE COMPILER CONFIGURATION AFTER THE begin_command_line_config CLOSING TAG. -->
    <cit_version>1</cit_version>
    <config>
      <build>
        <compiler>
          <template_compiler>true</template_compiler>
          <comp_name>cov-filesystem-capture-kotlin-module-0</comp_name>
          <comp_translator>kotlin-module</comp_translator>
          <comp_lang>Non Compiled</comp_lang>
          <comp_generic>kotlin</comp_generic>
          <file_include_pattern>^.*\.kotlin_module$</file_include_pattern>
        </compiler>
        <options>
          <id>kotlin-module-cov-filesystem-capture-kotlin-module-0-.*</id>
          <begin_command_line_config></begin_command_line_config>
        </options>
      </build>
    </config>
    <md5>33c8dff4b1803fd1b46ff7624a34a01b</md5>
</coverity>

