<?xml version="1.0" encoding="UTF-8"?>
<!DOCTYPE coverity SYSTEM "coverity_config.dtd">
<coverity>
<!-- THIS FILE IS AUTOMATICALLY GENERATED - YOU MAY ADD XML ENTITIES -->
<!-- TO UPDATE THE COMPILER CONFIGURATION AFTER THE begin_command_line_config ENTITY. -->

    <cit_version>1</cit_version>
    <config>
      <build>
        <compiler>
          <comp_name>arm-none-eabi-gcc</comp_name>
          <comp_dir>D:\Jessie\gcc-arm-none-eabi-10.3-2021.10-win32\gcc-arm-none-eabi-10.3-2021.10\bin</comp_dir>
          <comp_translator>gcc</comp_translator>
          <comp_lang>C</comp_lang>
          <comp_front_end>cov-emit</comp_front_end>
          <comp_desc>GNU C compiler</comp_desc>
          <comp_next_type>g++</comp_next_type>
          <comp_generic>gnu</comp_generic>
          <comp_require></comp_require>
          <id>gcc-arm-none-eabi-gcc-10.3.1-5dc626d343e30da8103a17ec81bf8d4e-0</id>
          <version>10.3.1</version>
          <is_compiler>true</is_compiler>
          <is_linker>true</is_linker>
          <target_platform>all</target_platform>
        </compiler>
        <options>
          <id>gcc-arm-none-eabi-gcc-10.3.1-5dc626d343e30da8103a17ec81bf8d4e-0</id>
          <template_config_option_id>gcc-arm-none-eabi-gcc-.*</template_config_option_id>
          <compile_options></compile_options>
          <sysinclude_dir>d:/jessie/gcc-arm-none-eabi-10.3-2021.10-win32/gcc-arm-none-eabi-10.3-2021.10/lib/gcc/arm-none-eabi/10.3.1/include</sysinclude_dir>
          <sysinclude_dir>d:/jessie/gcc-arm-none-eabi-10.3-2021.10-win32/gcc-arm-none-eabi-10.3-2021.10/lib/gcc/arm-none-eabi/10.3.1/include-fixed</sysinclude_dir>
          <sysinclude_dir>d:/jessie/gcc-arm-none-eabi-10.3-2021.10-win32/gcc-arm-none-eabi-10.3-2021.10/arm-none-eabi/include</sysinclude_dir>
          <dryrun_switch>-E</dryrun_switch>
          <dryrun_switch>-v</dryrun_switch>
          <dump_macros_arg>-dM</dump_macros_arg>
          <dump_macros_arg>-E</dump_macros_arg>
          <preprocess_remove_arg>-o.+</preprocess_remove_arg>
          <preprocess_remove_arg>-c</preprocess_remove_arg>
          <preprocess_remove_arg>-Werror</preprocess_remove_arg>
          <preprocess_remove_next_arg>-o</preprocess_remove_next_arg>
          <preprocess_switch>-E</preprocess_switch>
          <preprocess_switch>-U__BLOCKS__</preprocess_switch>
          <preprocess_switch>-xc</preprocess_switch>
          <preprocess_compile_switch>-C</preprocess_compile_switch>
          <preprocess_output>-</preprocess_output>
          <sysroot_dir>d:\jessie\gcc-arm-none-eabi-10.3-2021.10-win32\gcc-arm-none-eabi-10.3-2021.10\bin\../arm-none-eabi</sysroot_dir>
          <dryrun_output>2</dryrun_output>
          <pre_preinclude_file>$CONFIGDIR$\coverity-compiler-compat.h</pre_preinclude_file>
          <macro_pre_preinclude_file>$CONFIGDIR$\coverity-macro-compat.h</macro_pre_preinclude_file>
          <prepend_arg>--coverity_config_md5=a76230fd985b0204552341095267718a</prepend_arg>
          <prepend_arg>--fixed_point</prepend_arg>
          <prepend_arg>--add_type_modifier=__coverity___fpreg</prepend_arg>
          <prepend_arg>--add_type_modifier=__coverity_decimal</prepend_arg>
          <prepend_arg>--add_type_modifier=__coverity_float</prepend_arg>
          <prepend_arg>--add_type_modifier=__coverity_floatx</prepend_arg>
          <prepend_arg>--no_predefined_feature_test_macros</prepend_arg>
          <prepend_arg>--no_stdarg_builtin</prepend_arg>
          <prepend_arg>--enable_128bit_int</prepend_arg>
          <prepend_arg>--no_predefined_cplusplus</prepend_arg>
          <prepend_arg>-w</prepend_arg>
          <prepend_arg>--no_predefines</prepend_arg>
          <prepend_arg>--comp_ver</prepend_arg>
          <prepend_arg>10.3.1</prepend_arg>
          <prepend_arg>--size_t_type=j</prepend_arg>
          <prepend_arg>--ptrdiff_t_type=i</prepend_arg>
          <prepend_arg>--type_sizes=x8li4s2ed8fP4</prepend_arg>
          <prepend_arg>--type_alignments=x8li4s2ed8fP4</prepend_arg>
          <prepend_arg>--char_bit_size=8</prepend_arg>
          <prepend_arg>--restrict</prepend_arg>
          <prepend_arg>--gnu_carriage_return_line_terminator</prepend_arg>
          <prepend_arg>--wchar_t_type=j</prepend_arg>
          <prepend_arg>--no_multiline_string</prepend_arg>
          <prepend_arg>--no_trigraphs</prepend_arg>
          <prepend_arg>--ignore_calling_convention</prepend_arg>
          <prepend_arg>--c11</prepend_arg>
          <prepend_arg>--no_enable_80bit_float</prepend_arg>
          <prepend_arg>--no_enable_128bit_float</prepend_arg>
          <prepend_arg>--allow__bool</prepend_arg>
          <prepend_arg>--macro_stack_pragmas</prepend_arg>
          <prepend_arg>--inline_keyword</prepend_arg>
          <prepend_arg>--has_include_macro</prepend_arg>
          <prepend_arg>--has_include_next_macro</prepend_arg>
          <prepend_arg>--has_cpp_attribute_macro</prepend_arg>
          <prepend_arg>--no_predefines</prepend_arg>
          <skip_file>conftest\.c{1,2}$</skip_file>
          <skip_file>conftest\.cpp$</skip_file>
          <skip_file>cgo-cc-input-[0-9]+\.(c|cc|cpp|cxx)</skip_file>
          <opt_preinclude_file>$CONFIGDIR$/../user_nodefs.h</opt_preinclude_file>
          <pch_options>
            <archetype>gcc</archetype>
          </pch_options>
          <link_options></link_options>
          <library_search_path>d:/jessie/gcc-arm-none-eabi-10.3-2021.10-win32/gcc-arm-none-eabi-10.3-2021.10/bin/../lib/gcc/arm-none-eabi/10.3.1/</library_search_path>
          <library_search_path>d:/jessie/gcc-arm-none-eabi-10.3-2021.10-win32/gcc-arm-none-eabi-10.3-2021.10/bin/../lib/gcc/</library_search_path>
          <library_search_path>d:/jessie/gcc-arm-none-eabi-10.3-2021.10-win32/gcc-arm-none-eabi-10.3-2021.10/bin/../lib/gcc/arm-none-eabi/10.3.1/../../../../arm-none-eabi/lib/arm-none-eabi/10.3.1/</library_search_path>
          <library_search_path>d:/jessie/gcc-arm-none-eabi-10.3-2021.10-win32/gcc-arm-none-eabi-10.3-2021.10/bin/../lib/gcc/arm-none-eabi/10.3.1/../../../../arm-none-eabi/lib/</library_search_path>
          <library_search_path>d:/jessie/gcc-arm-none-eabi-10.3-2021.10-win32/gcc-arm-none-eabi-10.3-2021.10/bin/../arm-none-eabi/lib/arm-none-eabi/10.3.1/</library_search_path>
          <library_search_path>d:/jessie/gcc-arm-none-eabi-10.3-2021.10-win32/gcc-arm-none-eabi-10.3-2021.10/bin/../arm-none-eabi/lib/</library_search_path>
          <library_search_path>d:/jessie/gcc-arm-none-eabi-10.3-2021.10-win32/gcc-arm-none-eabi-10.3-2021.10/bin/../arm-none-eabi/usr/lib/arm-none-eabi/10.3.1/</library_search_path>
          <library_search_path>d:/jessie/gcc-arm-none-eabi-10.3-2021.10-win32/gcc-arm-none-eabi-10.3-2021.10/bin/../arm-none-eabi/usr/lib/</library_search_path>
          <implicit_link_input>d:/jessie/gcc-arm-none-eabi-10.3-2021.10-win32/gcc-arm-none-eabi-10.3-2021.10/bin/../lib/gcc/arm-none-eabi/10.3.1/crti.o</implicit_link_input>
          <implicit_link_input>d:/jessie/gcc-arm-none-eabi-10.3-2021.10-win32/gcc-arm-none-eabi-10.3-2021.10/bin/../lib/gcc/arm-none-eabi/10.3.1/crtbegin.o</implicit_link_input>
          <implicit_link_input>d:/jessie/gcc-arm-none-eabi-10.3-2021.10-win32/gcc-arm-none-eabi-10.3-2021.10/bin/../lib/gcc/arm-none-eabi/10.3.1/../../../../arm-none-eabi/lib/crt0.o</implicit_link_input>
          <implicit_link_input>d:/jessie/gcc-arm-none-eabi-10.3-2021.10-win32/gcc-arm-none-eabi-10.3-2021.10/bin/../lib/gcc/arm-none-eabi/10.3.1\libgcc.a</implicit_link_input>
          <implicit_link_input>d:/jessie/gcc-arm-none-eabi-10.3-2021.10-win32/gcc-arm-none-eabi-10.3-2021.10/bin/../lib/gcc/arm-none-eabi/10.3.1/../../../../arm-none-eabi/lib\libc.a</implicit_link_input>
          <implicit_link_input>d:/jessie/gcc-arm-none-eabi-10.3-2021.10-win32/gcc-arm-none-eabi-10.3-2021.10/bin/../lib/gcc/arm-none-eabi/10.3.1\libgcc.a</implicit_link_input>
          <implicit_link_input>d:/jessie/gcc-arm-none-eabi-10.3-2021.10-win32/gcc-arm-none-eabi-10.3-2021.10/bin/../lib/gcc/arm-none-eabi/10.3.1/../../../../arm-none-eabi/lib\libc.a</implicit_link_input>
          <implicit_link_input>d:/jessie/gcc-arm-none-eabi-10.3-2021.10-win32/gcc-arm-none-eabi-10.3-2021.10/bin/../lib/gcc/arm-none-eabi/10.3.1/crtend.o</implicit_link_input>
          <implicit_link_input>d:/jessie/gcc-arm-none-eabi-10.3-2021.10-win32/gcc-arm-none-eabi-10.3-2021.10/bin/../lib/gcc/arm-none-eabi/10.3.1/crtn.o</implicit_link_input>
          <expand>
            <options>
              <replace_arg_regex>
                <replace>@(.*)</replace>
                <with>--coverity_resp_file=$1</with>
              </replace_arg_regex>
            </options>
          </expand>
          <pre_trans>
            <options>
              <intern_trans>gnu_pre_translate</intern_trans>
            </options>
          </pre_trans>
          <trans>
            <options>
              <includes_from_env_var>CPATH</includes_from_env_var>
              <includes_from_env_var_empty_is_cwd>true</includes_from_env_var_empty_is_cwd>
            </options>
          </trans>
          <trans>
            <options>
              <includes_from_env_var>C_INCLUDE_PATH</includes_from_env_var>
              <pre_prepend_arg>--c</pre_prepend_arg>
            </options>
          </trans>
          <begin_command_line_config></begin_command_line_config>
        </options>
      </build>
    </config>
    <md5>26ca2860352b03f1c3a47ec55e9de24a</md5>
</coverity>

