<?xml version="1.0" encoding="UTF-8"?>
<!DOCTYPE coverity SYSTEM "coverity_config.dtd">
<coverity>
<!-- THIS FILE IS AUTOMATICALLY GENERATED - YOU MAY ADD XML ENTITIES -->
<!-- TO UPDATE THE COVERITY SCAN CONFIGURATION AFTER THE EXCLUDE_DIRS. -->

    <cit_version>1</cit_version>
    <config>
      <scan>
        <global>
          <exclude_dir>
            <exclude_dir_regex>[/\\]node_modules[/\\]</exclude_dir_regex>
          </exclude_dir>
          <exclude_dir>
            <exclude_dir_regex>[/\\]Pods[/\\]</exclude_dir_regex>
            <must_contain>Podfile</must_contain>
          </exclude_dir>
        </global>
      </scan>
    </config>
</coverity>

