<?xml version="1.0" encoding="UTF-8"?>
<!DOCTYPE coverity SYSTEM "config.dtd">
<coverity>

<metrics>
    <metric>
        <name>time</name>
        <value>171</value>
    </metric>
    <metric>
        <name>args</name>
        <value>cov-build --dir ../../../idir make all -j12 -B</value>
    </metric>
    <metric>
        <name>host</name>
        <value>P216000195-NB</value>
    </metric>
    <metric>
        <name>short-platform</name>
        <value>win64</value>
    </metric>
    <metric>
        <name>platform</name>
        <value>Windows 10 Professional, 64-bit (build 19045)</value>
    </metric>
    <metric>
        <name>ident</name>
        <value>2024.9.0 (build 950e903b4e p-2024.9-push-30)</value>
    </metric>
    <metric>
        <name>user</name>
        <value>Pega_User</value>
    </metric>
    <metric>
        <name>cwd</name>
        <value>D:\Jessie\7_Coverity\4_C_Code_Project_RTD5.0.0\Dio_Example_S32K344\Debug_FLASH</value>
    </metric>
    <metric>
        <name>config</name>
        <value>D:\Coverity\Coverity Static Analysis\config\coverity_config.xml</value>
    </metric>
    <metric>
        <name>intermediatedir</name>
        <value>D:\Jessie\7_Coverity\idir</value>
    </metric>
    <metric>
        <name>outputdir</name>
        <value>D:\Jessie\7_Coverity\idir\output</value>
    </metric>
    <metric>
        <name>emitdir</name>
        <value>D:\Jessie\7_Coverity\idir\emit</value>
    </metric>
    <metric>
        <name>force</name>
        <value>no</value>
    </metric>
    <metric>
        <name>cygwin</name>
        <value>no</value>
    </metric>
    <metric>
        <name>failures</name>
        <value>0</value>
    </metric>
    <metric>
        <name>successes</name>
        <value>70</value>
    </metric>
    <metric>
        <name>recoverable-errors</name>
        <value>0</value>
    </metric>
    <metric>
        <name>dotnet-webapps-detected</name>
        <value>0</value>
    </metric>
    <metric>
        <name>dotnet-webapp-successes</name>
        <value>0</value>
    </metric>
    <metric>
        <name>dotnet-webapp-compilation-secs</name>
        <value>0</value>
    </metric>
    <metric>
        <name>security-da-ms</name>
        <value>578</value>
    </metric>
    <metric>
        <name>buildcmd</name>
        <value>make.exe all -j12 -B</value>
    </metric>
</metrics>
</coverity>
