<?xml version="1.0" encoding="UTF-8"?>
<!DOCTYPE coverity SYSTEM "coverity_config.dtd">
<coverity>
<!-- THIS FILE IS AUTOMATICALLY GENERATED - YOU MAY ADD XML ENTITIES -->
<!-- TO UPDATE THE COMPILER CONFIGURATION AFTER THE begin_command_line_config CLOSING TAG. -->
    <cit_version>1</cit_version>
    <config>
      <build>
        <compiler>
          <template_compiler>true</template_compiler>
          <comp_name>cov-filesystem-capture-python-0</comp_name>
          <comp_translator>python</comp_translator>
          <comp_lang>Non Compiled</comp_lang>
          <comp_generic>python</comp_generic>
          <file_include_pattern>^.*\.p(y|y3)$</file_include_pattern>
        </compiler>
        <options>
          <id>python-cov-filesystem-capture-python-0-.*</id>
          <begin_command_line_config></begin_command_line_config>
        </options>
      </build>
    </config>
    <md5>fffe872853e56190241eb6585606928f</md5>
</coverity>

