<?xml version="1.0" encoding="UTF-8"?>
<!DOCTYPE coverity SYSTEM "coverity_config.dtd">
<coverity>
<!-- THIS FILE IS AUTOMATICALLY GENERATED - YOU MAY ADD XML ENTITIES -->
<!-- TO UPDATE THE COMPILER CONFIGURATION AFTER THE begin_command_line_config ENTITY. -->

    <cit_version>1</cit_version>
    <config>
      <build>
        <compiler>
          <comp_name>cov-filesystem-capture-capture-config-files-0</comp_name>
          <comp_translator>capture-config-files</comp_translator>
          <comp_lang>Non Compiled</comp_lang>
          <comp_front_end>cov-internal-emit-misc</comp_front_end>
          <comp_desc>Configuration Filesystem Capture</comp_desc>
          <comp_generic>capture_config_files</comp_generic>
          <id>capture-config-files-cov-filesystem-capture-capture-config-files-0-86c0393db2dfc13f34bf36599b00f373-0</id>
          <is_compiler>true</is_compiler>
          <is_linker>false</is_linker>
        </compiler>
        <options>
          <id>capture-config-files-cov-filesystem-capture-capture-config-files-0-86c0393db2dfc13f34bf36599b00f373-0</id>
          <template_config_option_id>capture-config-files-cov-filesystem-capture-capture-config-files-0-.*</template_config_option_id>
          <compile_options></compile_options>
          <prepend_arg>--language=capture-config-files</prepend_arg>
          <split>
            <options>
              <prepend_arg>-coverity_source=non_compiled</prepend_arg>
            </options>
          </split>
          <expand>
            <options>
              <intern_split_response_file_fn>line_split</intern_split_response_file_fn>
            </options>
          </expand>
          <begin_command_line_config></begin_command_line_config>
        </options>
      </build>
    </config>
    <md5>12deb9f53ca476e017dec4d144b3d388</md5>
</coverity>

