<?xml version="1.0" encoding="UTF-8"?>
<!DOCTYPE coverity SYSTEM "coverity_config.dtd">
<coverity>
<!-- THIS FILE IS AUTOMATICALLY GENERATED - YOU MAY ADD XML ENTITIES -->
<!-- TO UPDATE THE COMPILER CONFIGURATION AFTER THE begin_command_line_config ENTITY. -->

    <cit_version>1</cit_version>
    <config>
      <build>
        <compiler>
          <comp_name>arm-none-eabi-gcc</comp_name>
          <comp_dir>D:\NXP\S32DS.3.5\S32DS\build_tools\gcc_v10.2\gcc-10.2-arm32-eabi\bin</comp_dir>
          <comp_translator>gcc</comp_translator>
          <comp_lang>C</comp_lang>
          <comp_front_end>cov-emit</comp_front_end>
          <comp_desc>GNU C compiler</comp_desc>
          <comp_next_type>g++</comp_next_type>
          <comp_generic>gnu</comp_generic>
          <comp_require>-std=c99 -mcpu=cortex-m7 -mthumb -mlittle-endian -mfloat-abi=hard -mfpu=fpv5-sp-d16 -specs=nano.specs -specs=nosys.specs --sysroot=D:/NXP/S32DS.3.5/S32DS/build_tools/gcc_v10.2/gcc-10.2-arm32-eabi/arm-none-eabi/lib</comp_require>
          <id>gcc-arm-none-eabi-gcc-10.2.0-6287e96116f992edcf046b5bf968929b-0</id>
          <version>10.2.0</version>
          <is_compiler>true</is_compiler>
          <is_linker>true</is_linker>
          <target_platform>all</target_platform>
        </compiler>
        <options>
          <id>gcc-arm-none-eabi-gcc-10.2.0-6287e96116f992edcf046b5bf968929b-0</id>
          <template_config_option_id>gcc-arm-none-eabi-gcc-.*</template_config_option_id>
          <compile_options></compile_options>
          <sysinclude_dir>d:/nxp/s32ds.3.5/s32ds/build_tools/gcc_v10.2/gcc-10.2-arm32-eabi/lib/gcc/arm-none-eabi/10.2.0/include</sysinclude_dir>
          <sysinclude_dir>d:/nxp/s32ds.3.5/s32ds/build_tools/gcc_v10.2/gcc-10.2-arm32-eabi/lib/gcc/arm-none-eabi/10.2.0/include-fixed</sysinclude_dir>
          <sysinclude_dir>d:/nxp/s32ds.3.5/s32ds/build_tools/gcc_v10.2/gcc-10.2-arm32-eabi/arm-none-eabi/include</sysinclude_dir>
          <dryrun_switch>-E</dryrun_switch>
          <dryrun_switch>-v</dryrun_switch>
          <dump_macros_arg>-dM</dump_macros_arg>
          <dump_macros_arg>-E</dump_macros_arg>
          <preprocess_remove_arg>-o.+</preprocess_remove_arg>
          <preprocess_remove_arg>-c</preprocess_remove_arg>
          <preprocess_remove_arg>-Werror</preprocess_remove_arg>
          <preprocess_remove_next_arg>-o</preprocess_remove_next_arg>
          <preprocess_switch>-E</preprocess_switch>
          <preprocess_switch>-U__BLOCKS__</preprocess_switch>
          <preprocess_switch>-xc</preprocess_switch>
          <preprocess_compile_switch>-C</preprocess_compile_switch>
          <preprocess_output>-</preprocess_output>
          <sysroot_dir>D:/NXP/S32DS.3.5/S32DS/build_tools/gcc_v10.2/gcc-10.2-arm32-eabi/arm-none-eabi/lib</sysroot_dir>
          <dryrun_output>2</dryrun_output>
          <pre_preinclude_file>$CONFIGDIR$\coverity-compiler-compat.h</pre_preinclude_file>
          <macro_pre_preinclude_file>$CONFIGDIR$\coverity-macro-compat.h</macro_pre_preinclude_file>
          <prepend_arg>--coverity_config_md5=f96416de190bd39e40db42d808d77a7b</prepend_arg>
          <prepend_arg>--fixed_point</prepend_arg>
          <prepend_arg>--add_type_modifier=__coverity___fpreg</prepend_arg>
          <prepend_arg>--add_type_modifier=__coverity_decimal</prepend_arg>
          <prepend_arg>--add_type_modifier=__coverity_float</prepend_arg>
          <prepend_arg>--add_type_modifier=__coverity_floatx</prepend_arg>
          <prepend_arg>--no_predefined_feature_test_macros</prepend_arg>
          <prepend_arg>--no_stdarg_builtin</prepend_arg>
          <prepend_arg>--enable_128bit_int</prepend_arg>
          <prepend_arg>--no_predefined_cplusplus</prepend_arg>
          <prepend_arg>-w</prepend_arg>
          <prepend_arg>--no_predefines</prepend_arg>
          <prepend_arg>--comp_ver</prepend_arg>
          <prepend_arg>10.2.0</prepend_arg>
          <prepend_arg>--size_t_type=j</prepend_arg>
          <prepend_arg>--ptrdiff_t_type=i</prepend_arg>
          <prepend_arg>--type_sizes=x8li4s2ed8fP4</prepend_arg>
          <prepend_arg>--type_alignments=x8li4s2ed8fP4</prepend_arg>
          <prepend_arg>--char_bit_size=8</prepend_arg>
          <prepend_arg>--restrict</prepend_arg>
          <prepend_arg>--gnu_carriage_return_line_terminator</prepend_arg>
          <prepend_arg>--wchar_t_type=j</prepend_arg>
          <prepend_arg>--no_multiline_string</prepend_arg>
          <prepend_arg>--trigraphs</prepend_arg>
          <prepend_arg>--ignore_calling_convention</prepend_arg>
          <prepend_arg>--c99</prepend_arg>
          <prepend_arg>--no_enable_80bit_float</prepend_arg>
          <prepend_arg>--no_enable_128bit_float</prepend_arg>
          <prepend_arg>--allow__bool</prepend_arg>
          <prepend_arg>--macro_stack_pragmas</prepend_arg>
          <prepend_arg>--inline_keyword</prepend_arg>
          <prepend_arg>--has_include_macro</prepend_arg>
          <prepend_arg>--has_include_next_macro</prepend_arg>
          <prepend_arg>--has_cpp_attribute_macro</prepend_arg>
          <prepend_arg>--no_predefines</prepend_arg>
          <skip_file>conftest\.c{1,2}$</skip_file>
          <skip_file>conftest\.cpp$</skip_file>
          <skip_file>cgo-cc-input-[0-9]+\.(c|cc|cpp|cxx)</skip_file>
          <opt_preinclude_file>$CONFIGDIR$/../user_nodefs.h</opt_preinclude_file>
          <pch_options>
            <archetype>gcc</archetype>
          </pch_options>
          <link_options></link_options>
          <library_search_path>d:/nxp/s32ds.3.5/s32ds/build_tools/gcc_v10.2/gcc-10.2-arm32-eabi/bin/../lib/gcc/arm-none-eabi/10.2.0/thumb/v7e-m+fp/hard/</library_search_path>
          <library_search_path>d:/nxp/s32ds.3.5/s32ds/build_tools/gcc_v10.2/gcc-10.2-arm32-eabi/bin/../lib/gcc/thumb/v7e-m+fp/hard/</library_search_path>
          <library_search_path>d:/nxp/s32ds.3.5/s32ds/build_tools/gcc_v10.2/gcc-10.2-arm32-eabi/bin/../lib/gcc/arm-none-eabi/10.2.0/../../../../arm-none-eabi/lib/arm-none-eabi/10.2.0/thumb/v7e-m+fp/hard/</library_search_path>
          <library_search_path>d:/nxp/s32ds.3.5/s32ds/build_tools/gcc_v10.2/gcc-10.2-arm32-eabi/bin/../lib/gcc/arm-none-eabi/10.2.0/../../../../arm-none-eabi/lib/thumb/v7e-m+fp/hard/</library_search_path>
          <library_search_path>D:/NXP/S32DS.3.5/S32DS/build_tools/gcc_v10.2/gcc-10.2-arm32-eabi/arm-none-eabi/lib/lib/arm-none-eabi/10.2.0/thumb/v7e-m+fp/hard/</library_search_path>
          <library_search_path>D:/NXP/S32DS.3.5/S32DS/build_tools/gcc_v10.2/gcc-10.2-arm32-eabi/arm-none-eabi/lib/lib/thumb/v7e-m+fp/hard/</library_search_path>
          <library_search_path>D:/NXP/S32DS.3.5/S32DS/build_tools/gcc_v10.2/gcc-10.2-arm32-eabi/arm-none-eabi/lib/usr/lib/arm-none-eabi/10.2.0/thumb/v7e-m+fp/hard/</library_search_path>
          <library_search_path>D:/NXP/S32DS.3.5/S32DS/build_tools/gcc_v10.2/gcc-10.2-arm32-eabi/arm-none-eabi/lib/usr/lib/thumb/v7e-m+fp/hard/</library_search_path>
          <library_search_path>d:/nxp/s32ds.3.5/s32ds/build_tools/gcc_v10.2/gcc-10.2-arm32-eabi/bin/../lib/gcc/arm-none-eabi/10.2.0/</library_search_path>
          <library_search_path>d:/nxp/s32ds.3.5/s32ds/build_tools/gcc_v10.2/gcc-10.2-arm32-eabi/bin/../lib/gcc/</library_search_path>
          <library_search_path>d:/nxp/s32ds.3.5/s32ds/build_tools/gcc_v10.2/gcc-10.2-arm32-eabi/bin/../lib/gcc/arm-none-eabi/10.2.0/../../../../arm-none-eabi/lib/arm-none-eabi/10.2.0/</library_search_path>
          <library_search_path>d:/nxp/s32ds.3.5/s32ds/build_tools/gcc_v10.2/gcc-10.2-arm32-eabi/bin/../lib/gcc/arm-none-eabi/10.2.0/../../../../arm-none-eabi/lib/</library_search_path>
          <library_search_path>D:/NXP/S32DS.3.5/S32DS/build_tools/gcc_v10.2/gcc-10.2-arm32-eabi/arm-none-eabi/lib/lib/arm-none-eabi/10.2.0/</library_search_path>
          <library_search_path>D:/NXP/S32DS.3.5/S32DS/build_tools/gcc_v10.2/gcc-10.2-arm32-eabi/arm-none-eabi/lib/lib/</library_search_path>
          <library_search_path>D:/NXP/S32DS.3.5/S32DS/build_tools/gcc_v10.2/gcc-10.2-arm32-eabi/arm-none-eabi/lib/usr/lib/arm-none-eabi/10.2.0/</library_search_path>
          <library_search_path>D:/NXP/S32DS.3.5/S32DS/build_tools/gcc_v10.2/gcc-10.2-arm32-eabi/arm-none-eabi/lib/usr/lib/</library_search_path>
          <implicit_link_input>d:/nxp/s32ds.3.5/s32ds/build_tools/gcc_v10.2/gcc-10.2-arm32-eabi/bin/../lib/gcc/arm-none-eabi/10.2.0/thumb/v7e-m+fp/hard/crti.o</implicit_link_input>
          <implicit_link_input>d:/nxp/s32ds.3.5/s32ds/build_tools/gcc_v10.2/gcc-10.2-arm32-eabi/bin/../lib/gcc/arm-none-eabi/10.2.0/thumb/v7e-m+fp/hard/crtbegin.o</implicit_link_input>
          <implicit_link_input>d:/nxp/s32ds.3.5/s32ds/build_tools/gcc_v10.2/gcc-10.2-arm32-eabi/bin/../lib/gcc/arm-none-eabi/10.2.0/../../../../arm-none-eabi/lib/thumb/v7e-m+fp/hard/crt0.o</implicit_link_input>
          <implicit_link_input>d:/nxp/s32ds.3.5/s32ds/build_tools/gcc_v10.2/gcc-10.2-arm32-eabi/bin/../lib/gcc/arm-none-eabi/10.2.0/thumb/v7e-m+fp/hard\libgcc.a</implicit_link_input>
          <implicit_link_input>d:/nxp/s32ds.3.5/s32ds/build_tools/gcc_v10.2/gcc-10.2-arm32-eabi/bin/../lib/gcc/arm-none-eabi/10.2.0/../../../../arm-none-eabi/lib/thumb/v7e-m+fp/hard\libc_nano.a</implicit_link_input>
          <implicit_link_input>d:/nxp/s32ds.3.5/s32ds/build_tools/gcc_v10.2/gcc-10.2-arm32-eabi/bin/../lib/gcc/arm-none-eabi/10.2.0/thumb/v7e-m+fp/hard\libgcc.a</implicit_link_input>
          <implicit_link_input>d:/nxp/s32ds.3.5/s32ds/build_tools/gcc_v10.2/gcc-10.2-arm32-eabi/bin/../lib/gcc/arm-none-eabi/10.2.0/../../../../arm-none-eabi/lib/thumb/v7e-m+fp/hard\libc_nano.a</implicit_link_input>
          <implicit_link_input>d:/nxp/s32ds.3.5/s32ds/build_tools/gcc_v10.2/gcc-10.2-arm32-eabi/bin/../lib/gcc/arm-none-eabi/10.2.0/thumb/v7e-m+fp/hard\libgcc.a</implicit_link_input>
          <implicit_link_input>d:/nxp/s32ds.3.5/s32ds/build_tools/gcc_v10.2/gcc-10.2-arm32-eabi/bin/../lib/gcc/arm-none-eabi/10.2.0/../../../../arm-none-eabi/lib/thumb/v7e-m+fp/hard\libc_nano.a</implicit_link_input>
          <implicit_link_input>d:/nxp/s32ds.3.5/s32ds/build_tools/gcc_v10.2/gcc-10.2-arm32-eabi/bin/../lib/gcc/arm-none-eabi/10.2.0/../../../../arm-none-eabi/lib/thumb/v7e-m+fp/hard\libnosys.a</implicit_link_input>
          <implicit_link_input>d:/nxp/s32ds.3.5/s32ds/build_tools/gcc_v10.2/gcc-10.2-arm32-eabi/bin/../lib/gcc/arm-none-eabi/10.2.0/thumb/v7e-m+fp/hard\libgcc.a</implicit_link_input>
          <implicit_link_input>d:/nxp/s32ds.3.5/s32ds/build_tools/gcc_v10.2/gcc-10.2-arm32-eabi/bin/../lib/gcc/arm-none-eabi/10.2.0/../../../../arm-none-eabi/lib/thumb/v7e-m+fp/hard\libc_nano.a</implicit_link_input>
          <implicit_link_input>d:/nxp/s32ds.3.5/s32ds/build_tools/gcc_v10.2/gcc-10.2-arm32-eabi/bin/../lib/gcc/arm-none-eabi/10.2.0/../../../../arm-none-eabi/lib/thumb/v7e-m+fp/hard\libnosys.a</implicit_link_input>
          <implicit_link_input>d:/nxp/s32ds.3.5/s32ds/build_tools/gcc_v10.2/gcc-10.2-arm32-eabi/bin/../lib/gcc/arm-none-eabi/10.2.0/thumb/v7e-m+fp/hard/crtend.o</implicit_link_input>
          <implicit_link_input>d:/nxp/s32ds.3.5/s32ds/build_tools/gcc_v10.2/gcc-10.2-arm32-eabi/bin/../lib/gcc/arm-none-eabi/10.2.0/thumb/v7e-m+fp/hard/crtn.o</implicit_link_input>
          <expand>
            <options>
              <replace_arg_regex>
                <replace>@(.*)</replace>
                <with>--coverity_resp_file=$1</with>
              </replace_arg_regex>
            </options>
          </expand>
          <pre_trans>
            <options>
              <intern_trans>gnu_pre_translate</intern_trans>
            </options>
          </pre_trans>
          <trans>
            <options>
              <includes_from_env_var>CPATH</includes_from_env_var>
              <includes_from_env_var_empty_is_cwd>true</includes_from_env_var_empty_is_cwd>
            </options>
          </trans>
          <trans>
            <options>
              <includes_from_env_var>C_INCLUDE_PATH</includes_from_env_var>
              <pre_prepend_arg>--c</pre_prepend_arg>
            </options>
          </trans>
          <begin_command_line_config></begin_command_line_config>
        </options>
      </build>
    </config>
    <md5>eed3a8a1659fd85f87a0fdad43fc6c9c</md5>
</coverity>

