<?xml version="1.0" encoding="UTF-8"?>
<!DOCTYPE coverity SYSTEM "coverity_config.dtd">
<coverity>
<!-- THIS FILE IS AUTOMATICALLY GENERATED - YOU MAY ADD XML ENTITIES -->
<!-- TO UPDATE THE COMPILER CONFIGURATION AFTER THE begin_command_line_config CLOSING TAG. -->
    <cit_version>1</cit_version>
    <config>
      <build>
        <compiler>
          <template_compiler>true</template_compiler>
          <comp_name>cov-filesystem-capture-csfs-0</comp_name>
          <comp_translator>csfs</comp_translator>
          <comp_lang>C#</comp_lang>
          <comp_generic>csfs</comp_generic>
          <file_include_pattern>^.*\.cs$</file_include_pattern>
        </compiler>
        <options>
          <id>csfs-cov-filesystem-capture-csfs-0-.*</id>
          <begin_command_line_config></begin_command_line_config>
        </options>
      </build>
    </config>
    <md5>a37f2294a71abd8a6431600449515d1a</md5>
</coverity>

